"State","County","Year","Days with AQI","Good Days","Moderate Days","Unhealthy for Sensitive Groups Days","Unhealthy Days","Very Unhealthy Days","Hazardous Days","Max AQI","90th Percentile AQI","Median AQI","Days CO","Days NO2","Days Ozone","Days PM2.5","Days PM10"
"Alabama","Baldwin",2011,282,204,69,9,0,0,0,126,74,42,0,0,209,73,0
"Alabama","Clay",2011,118,80,38,0,0,0,0,86,63,39,0,0,0,118,0
"Alabama","Colbert",2011,279,214,64,1,0,0,0,101,61,42,0,0,197,82,0
"Alabama","DeKalb",2011,336,257,78,1,0,0,0,101,63,40,0,0,271,65,0
"Alabama","Elmore",2011,242,192,48,2,0,0,0,105,64,44,0,0,242,0,0
"Alabama","Etowah",2011,275,208,67,0,0,0,0,99,62,41,0,0,188,87,0
"Alabama","Houston",2011,283,207,76,0,0,0,0,100,67,44,0,0,207,76,0
"Alabama","Jefferson",2011,365,118,209,32,6,0,0,182,101,58,2,0,120,227,16
"Alabama","Lawrence",2011,95,70,25,0,0,0,0,82,59,34,0,0,0,95,0
"Alabama","Madison",2011,331,222,105,4,0,0,0,126,77,44,0,0,202,76,53
"Alabama","Mobile",2011,304,215,82,7,0,0,0,122,80,42,0,0,209,74,21
"Alabama","Montgomery",2011,278,183,93,2,0,0,0,108,74,44,0,0,193,85,0
"Alabama","Morgan",2011,280,193,85,2,0,0,0,115,74,43,0,0,203,77,0
"Alabama","Russell",2011,278,172,104,2,0,0,0,126,71,46,0,0,183,95,0
"Alabama","Shelby",2011,282,190,79,12,1,0,0,166,87,44,0,0,208,74,0
"Alabama","Sumter",2011,198,174,24,0,0,0,0,93,54,38,0,0,198,0,0
"Alabama","Talladega",2011,110,61,49,0,0,0,0,94,67,47,0,0,0,110,0
"Alabama","Tuscaloosa",2011,279,234,44,1,0,0,0,103,56,38,0,0,184,95,0
"Alabama","Walker",2011,107,70,37,0,0,0,0,84,65,43,0,0,0,107,0
"Alaska","Aleutians East ",2011,101,100,1,0,0,0,0,52,22,11,0,0,0,101,0
"Alaska","Anchorage ",2011,365,318,47,0,0,0,0,88,54,29,17,0,141,133,74
"Alaska","Denali ",2011,365,364,1,0,0,0,0,61,44,34,0,0,362,3,0
"Alaska","Fairbanks North Star ",2011,365,211,122,27,5,0,0,161,95,38,0,0,33,294,38
"Alaska","Juneau ",2011,353,299,54,0,0,0,0,88,57,23,0,0,0,344,9
"Alaska","Kenai Peninsula ",2011,166,166,0,0,0,0,0,36,18,8,0,0,0,166,0
"Alaska","Matanuska-Susitna ",2011,362,306,53,2,0,1,0,241,55,31,0,0,69,250,43
"Alaska","Yukon-Koyukuk ",2011,119,118,1,0,0,0,0,59,12,5,0,0,0,119,0
"Arizona","Apache",2011,364,362,2,0,0,0,0,54,25,14,0,0,0,39,325
"Arizona","Cochise",2011,352,215,126,11,0,0,0,119,80,47,0,0,322,17,13
"Arizona","Coconino",2011,365,229,126,10,0,0,0,129,77,47,0,0,337,13,15
"Arizona","Gila",2011,365,208,141,16,0,0,0,143,87,48,0,0,175,3,187
"Arizona","La Paz",2011,196,104,84,8,0,0,0,136,87,50,0,0,196,0,0
"Arizona","Maricopa",2011,365,46,254,48,10,4,3,565,119,68,0,29,180,89,67
"Arizona","Mohave",2011,108,107,1,0,0,0,0,89,28,15,0,0,0,73,35
"Arizona","Navajo",2011,365,247,117,1,0,0,0,105,74,46,0,0,362,0,3
"Arizona","Pima",2011,365,183,162,20,0,0,0,144,90,50,0,12,256,26,71
"Arizona","Pinal",2011,365,70,180,76,17,9,13,2212,155,83,0,0,76,5,284
"Arizona","Santa Cruz",2011,352,214,136,2,0,0,0,104,73,44,0,0,0,16,336
"Arizona","Yavapai",2011,243,170,70,3,0,0,0,126,74,44,0,0,181,58,4
"Arizona","Yuma",2011,363,259,90,14,0,0,0,140,80,40,0,0,176,23,164
"Arkansas","Arkansas",2011,111,75,36,0,0,0,0,79,61,45,0,0,0,111,0
"Arkansas","Ashley",2011,118,73,45,0,0,0,0,95,61,45,0,0,0,118,0
"Arkansas","Clark",2011,270,249,21,0,0,0,0,100,49,35,0,0,270,0,0
"Arkansas","Crittenden",2011,365,256,92,15,2,0,0,161,77,44,0,47,250,68,0
"Arkansas","Faulkner",2011,116,74,42,0,0,0,0,83,64,43,0,0,0,116,0
"Arkansas","Garland",2011,122,79,43,0,0,0,0,83,62,45,0,0,0,122,0
"Arkansas","Jackson",2011,117,85,32,0,0,0,0,77,61,40,0,0,0,117,0
"Arkansas","Newton",2011,365,285,78,2,0,0,0,108,64,41,0,0,329,36,0
"Arkansas","Phillips",2011,119,85,34,0,0,0,0,83,63,42,0,0,0,119,0
"Arkansas","Polk",2011,364,226,125,13,0,0,0,150,80,45,0,0,307,57,0
"Arkansas","Pope",2011,119,65,54,0,0,0,0,83,65,48,0,0,0,119,0
"Arkansas","Pulaski",2011,365,146,201,18,0,0,0,147,82,54,0,4,119,242,0
"Arkansas","Sebastian",2011,17,10,7,0,0,0,0,74,70,48,0,0,0,17,0
"Arkansas","Union",2011,116,67,49,0,0,0,0,87,62,45,0,0,0,116,0
"Arkansas","Van Buren",2011,273,273,0,0,0,0,0,42,28,19,0,0,273,0,0
"Arkansas","Washington",2011,365,259,101,5,0,0,0,140,71,43,0,0,301,64,0
"Arkansas","White",2011,116,71,45,0,0,0,0,78,67,45,0,0,0,116,0
"California","Alameda",2011,365,220,134,11,0,0,0,147,74,44,0,20,137,208,0
"California","Alpine",2011,7,4,3,0,0,0,0,57,57,42,0,0,0,7,0
"California","Amador",2011,363,284,76,3,0,0,0,119,74,38,0,0,363,0,0
"California","Butte",2011,365,149,192,24,0,0,0,149,90,55,0,0,180,185,0
"California","Calaveras",2011,364,216,137,11,0,0,0,143,87,46,0,0,246,118,0
"California","Colusa",2011,365,260,103,2,0,0,0,105,63,43,0,0,221,142,2
"California","Contra Costa",2011,365,291,67,7,0,0,0,131,69,39,0,26,262,77,0
"California","Del Norte",2011,120,119,1,0,0,0,0,54,30,13,0,0,0,83,37
"California","El Dorado",2011,355,234,80,35,6,0,0,172,105,42,0,0,352,3,0
"California","Fresno",2011,365,68,174,83,40,0,0,197,152,80,0,0,192,173,0
"California","Glenn",2011,365,267,96,2,0,0,0,105,62,44,0,0,225,139,1
"California","Humboldt",2011,365,306,59,0,0,0,0,78,55,35,3,4,214,142,2
"California","Imperial",2011,365,192,140,32,1,0,0,164,93,49,8,61,233,56,7
"California","Inyo",2011,365,173,146,33,5,2,6,13276,105,51,0,0,280,33,52
"California","Kern",2011,365,65,160,100,40,0,0,200,151,84,0,1,216,141,7
"California","Kings",2011,365,109,174,67,15,0,0,185,129,71,0,0,200,159,6
"California","Lake",2011,365,359,6,0,0,0,0,54,44,34,0,0,364,1,0
"California","Los Angeles",2011,365,17,227,82,36,3,0,218,151,80,0,22,162,180,1
"California","Madera",2011,365,62,225,63,15,0,0,179,133,71,0,0,143,216,6
"California","Marin",2011,365,279,85,1,0,0,0,117,59,39,0,17,113,234,1
"California","Mariposa",2011,365,211,126,28,0,0,0,150,97,48,0,0,296,67,2
"California","Mendocino",2011,361,291,70,0,0,0,0,80,56,39,0,0,31,309,21
"California","Merced",2011,362,123,179,58,2,0,0,155,115,64,0,1,179,182,0
"California","Mono",2011,365,313,34,4,1,0,13,4782,57,16,0,0,0,17,348
"California","Monterey",2011,365,335,30,0,0,0,0,77,49,37,0,6,262,70,27
"California","Napa",2011,365,243,120,2,0,0,0,120,66,42,2,10,154,198,1
"California","Nevada",2011,365,251,93,20,1,0,0,154,87,43,0,0,342,23,0
"California","Orange",2011,365,101,250,14,0,0,0,143,87,58,0,18,79,266,2
"California","Placer",2011,365,173,153,33,6,0,0,172,101,52,0,7,240,118,0
"California","Plumas",2011,122,75,42,4,1,0,0,153,88,39,0,0,0,122,0
"California","Riverside",2011,365,22,188,96,50,8,1,320,164,92,0,0,184,131,50
"California","Sacramento",2011,365,156,140,53,16,0,0,182,129,55,0,2,224,135,4
"California","San Benito",2011,365,300,63,2,0,0,0,108,61,41,0,0,314,48,3
"California","San Bernardino",2011,365,44,174,83,57,7,0,233,166,84,0,8,216,139,2
"California","San Diego",2011,365,56,275,30,4,0,0,169,100,63,1,28,137,192,7
"California","San Francisco",2011,365,252,111,2,0,0,0,131,70,41,0,80,124,161,0
"California","San Joaquin",2011,365,173,149,36,7,0,0,156,103,53,0,5,206,150,4
"California","San Luis Obispo",2011,365,138,208,19,0,0,0,133,93,56,0,0,197,155,13
"California","San Mateo",2011,365,289,75,1,0,0,0,111,60,38,1,20,158,186,0
"California","Santa Barbara",2011,365,206,156,2,1,0,0,161,63,49,0,3,183,176,3
"California","Santa Clara",2011,365,187,172,6,0,0,0,138,72,50,0,5,95,265,0
"California","Santa Cruz",2011,365,340,25,0,0,0,0,80,47,36,0,0,244,121,0
"California","Shasta",2011,365,266,93,5,1,0,0,152,71,44,0,0,353,11,1
"California","Siskiyou",2011,356,340,16,0,0,0,0,71,47,37,0,0,338,16,2
"California","Solano",2011,365,243,113,9,0,0,0,147,74,43,0,5,212,148,0
"California","Sonoma",2011,365,294,71,0,0,0,0,95,60,35,0,7,174,183,1
"California","Stanislaus",2011,365,124,170,57,14,0,0,169,122,64,0,0,194,171,0
"California","Sutter",2011,365,153,191,20,1,0,0,152,88,54,0,5,144,216,0
"California","Tehama",2011,365,195,155,15,0,0,0,122,84,48,0,0,220,144,1
"California","Trinity",2011,210,133,44,31,2,0,0,158,113,26,0,0,0,185,25
"California","Tulare",2011,365,68,149,93,55,0,0,195,159,84,0,1,208,156,0
"California","Tuolumne",2011,355,259,84,12,0,0,0,126,84,41,0,0,355,0,0
"California","Ventura",2011,365,222,127,14,2,0,0,151,84,47,0,6,333,26,0
"California","Yolo",2011,365,187,169,9,0,0,0,140,76,50,0,5,164,196,0
"Colorado","Adams",2011,365,204,148,12,1,0,0,159,80,48,0,114,208,28,15
"Colorado","Alamosa",2011,360,314,44,0,0,1,1,531,53,26,0,0,0,15,345
"Colorado","Arapahoe",2011,364,211,130,20,3,0,0,159,87,48,0,0,353,11,0
"Colorado","Archuleta",2011,339,333,6,0,0,0,0,78,32,17,0,0,0,0,339
"Colorado","Boulder",2011,365,221,128,16,0,0,0,140,84,48,2,0,335,26,2
"Colorado","Chaffee",2011,153,83,64,6,0,0,0,112,87,50,0,0,153,0,0
"Colorado","Clear Creek",2011,126,31,72,21,2,0,0,187,115,77,0,0,126,0,0
"Colorado","Delta",2011,121,121,0,0,0,0,0,47,31,19,0,0,0,0,121
"Colorado","Denver",2011,365,186,169,9,1,0,0,161,83,50,0,130,162,43,30
"Colorado","Douglas",2011,360,226,112,21,1,0,0,185,93,46,0,0,346,14,0
"Colorado","El Paso",2011,365,227,128,10,0,0,0,143,84,47,0,0,358,7,0
"Colorado","Elbert",2011,15,15,0,0,0,0,0,32,29,10,0,0,0,15,0
"Colorado","Fremont",2011,57,55,2,0,0,0,0,59,27,15,0,0,0,0,57
"Colorado","Garfield",2011,365,134,202,29,0,0,0,133,97,58,0,0,364,0,1
"Colorado","Gunnison",2011,365,289,70,6,0,0,0,119,64,44,0,0,350,0,15
"Colorado","Jackson",2011,161,161,0,0,0,0,0,44,40,29,0,0,81,80,0
"Colorado","Jefferson",2011,365,198,129,36,2,0,0,197,101,49,0,0,365,0,0
"Colorado","La Plata",2011,365,211,144,10,0,0,0,150,84,48,0,11,352,2,0
"Colorado","Larimer",2011,365,149,183,32,1,0,0,151,100,58,0,0,360,5,0
"Colorado","Mesa",2011,365,203,152,10,0,0,0,119,80,49,0,0,334,19,12
"Colorado","Moffat",2011,135,119,16,0,0,0,0,84,54,40,0,0,135,0,0
"Colorado","Montezuma",2011,365,233,127,5,0,0,0,126,77,46,0,0,358,7,0
"Colorado","Park",2011,307,219,82,6,0,0,0,126,71,47,0,0,307,0,0
"Colorado","Pitkin",2011,363,141,207,15,0,0,0,119,90,54,0,0,362,0,1
"Colorado","Prowers",2011,365,344,19,2,0,0,0,119,43,21,0,0,0,0,365
"Colorado","Pueblo",2011,126,121,5,0,0,0,0,82,38,21,0,0,0,80,46
"Colorado","Rio Blanco",2011,365,224,137,2,2,0,0,156,67,48,0,0,302,63,0
"Colorado","Routt",2011,343,331,12,0,0,0,0,91,32,15,0,0,0,0,343
"Colorado","San Juan",2011,121,121,0,0,0,0,0,36,15,8,0,0,0,121,0
"Colorado","San Miguel",2011,246,142,102,2,0,0,0,101,74,48,0,0,188,0,58
"Colorado","Summit",2011,318,314,4,0,0,0,0,66,27,12,0,0,0,0,318
"Colorado","Weld",2011,365,216,137,12,0,0,0,136,84,46,12,0,322,30,1
"Connecticut","Fairfield",2011,365,273,72,12,8,0,0,190,80,39,45,88,165,67,0
"Connecticut","Hartford",2011,365,277,81,6,1,0,0,166,64,39,10,56,138,161,0
"Connecticut","Litchfield",2011,359,322,34,3,0,0,0,150,51,37,6,7,329,17,0
"Connecticut","Middlesex",2011,180,145,29,3,3,0,0,161,74,43,0,0,180,0,0
"Connecticut","New Haven",2011,365,237,114,8,6,0,0,195,77,44,0,49,162,154,0
"Connecticut","New London",2011,238,185,42,10,1,0,0,156,72,41,0,0,167,71,0
"Connecticut","Tolland",2011,167,145,19,2,1,0,0,154,58,39,0,0,167,0,0
"Connecticut","Windham",2011,212,193,16,3,0,0,0,140,50,34,0,0,212,0,0
"Country Of Mexico","BAJA CALIFORNIA NORTE",2011,365,185,123,42,11,2,2,397,116,50,60,97,150,0,58
"Country Of Mexico","CHIHUAHUA STATE",2011,360,255,90,9,1,3,2,346,80,42,44,0,258,0,58
"Delaware","Kent",2011,365,293,67,3,2,0,0,172,64,40,0,0,319,46,0
"Delaware","New Castle",2011,365,180,167,14,4,0,0,187,81,51,0,1,160,204,0
"Delaware","Sussex",2011,365,277,72,15,1,0,0,172,80,41,0,0,335,30,0
"District Of Columbia","District of Columbia",2011,365,135,214,13,3,0,0,166,84,54,0,26,114,225,0
"Florida","Alachua",2011,356,252,102,2,0,0,0,109,62,41,0,0,184,172,0
"Florida","Baker",2011,355,329,26,0,0,0,0,87,49,36,0,0,355,0,0
"Florida","Bay",2011,364,265,96,3,0,0,0,105,64,42,0,0,193,171,0
"Florida","Brevard",2011,365,288,75,2,0,0,0,105,58,41,0,0,241,124,0
"Florida","Broward",2011,365,308,55,2,0,0,0,115,54,38,0,8,179,178,0
"Florida","Citrus",2011,116,110,6,0,0,0,0,84,45,27,0,0,0,116,0
"Florida","Collier",2011,365,306,57,2,0,0,0,110,54,38,0,0,178,187,0
"Florida","Columbia",2011,365,250,114,1,0,0,0,112,64,43,0,0,166,199,0
"Florida","Duval",2011,365,265,89,8,3,0,0,176,71,41,2,1,275,87,0
"Florida","Escambia",2011,365,228,118,19,0,0,0,129,77,45,0,0,226,139,0
"Florida","Flagler",2011,128,121,7,0,0,0,0,87,45,36,0,0,128,0,0
"Florida","Hamilton",2011,361,253,105,3,0,0,0,140,62,39,0,0,0,361,0
"Florida","Highlands",2011,358,330,28,0,0,0,0,90,50,34,0,0,358,0,0
"Florida","Hillsborough",2011,365,240,111,14,0,0,0,143,80,46,0,0,194,168,3
"Florida","Holmes",2011,365,262,103,0,0,0,0,90,64,43,0,0,200,165,0
"Florida","Indian River",2011,346,316,30,0,0,0,0,87,49,38,0,0,346,0,0
"Florida","Lake",2011,360,271,87,2,0,0,0,122,64,39,0,0,223,137,0
"Florida","Lee",2011,365,308,57,0,0,0,0,90,54,38,0,0,237,128,0
"Florida","Leon",2011,365,215,143,6,1,0,0,157,77,47,0,0,140,225,0
"Florida","Liberty",2011,330,303,27,0,0,0,0,74,49,35,0,0,330,0,0
"Florida","Manatee",2011,365,323,37,5,0,0,0,122,51,35,0,0,365,0,0
"Florida","Marion",2011,365,266,95,4,0,0,0,119,64,41,0,0,216,149,0
"Florida","Martin",2011,363,294,69,0,0,0,0,100,56,39,0,0,225,138,0
"Florida","Miami-Dade",2011,365,279,82,4,0,0,0,129,59,42,0,3,130,232,0
"Florida","Okaloosa",2011,363,322,39,2,0,0,0,112,51,35,0,0,363,0,0
"Florida","Orange",2011,365,263,92,10,0,0,0,133,64,43,0,2,207,156,0
"Florida","Osceola",2011,364,320,43,1,0,0,0,108,51,34,0,0,364,0,0
"Florida","Palm Beach",2011,365,291,70,3,1,0,0,170,60,40,0,1,230,131,3
"Florida","Pasco",2011,364,308,52,4,0,0,0,108,64,38,0,0,364,0,0
"Florida","Pinellas",2011,365,269,91,5,0,0,0,136,65,42,0,0,187,178,0
"Florida","Polk",2011,362,270,89,2,1,0,0,151,63,41,0,0,224,138,0
"Florida","Putnam",2011,356,353,3,0,0,0,0,61,29,17,0,0,0,0,356
"Florida","Santa Rosa",2011,365,256,99,10,0,0,0,147,71,42,0,0,230,135,0
"Florida","Sarasota",2011,365,267,91,7,0,0,0,143,63,44,0,0,180,185,0
"Florida","Seminole",2011,364,316,44,4,0,0,0,136,58,39,0,0,355,0,9
"Florida","St. Lucie",2011,310,281,29,0,0,0,0,100,50,35,0,0,310,0,0
"Florida","Volusia",2011,365,285,78,1,1,0,0,153,58,40,0,0,230,134,1
"Florida","Wakulla",2011,363,312,51,0,0,0,0,90,56,37,0,0,326,37,0
"Georgia","Bibb",2011,364,174,176,13,1,0,0,151,87,52,0,0,101,263,0
"Georgia","Charlton",2011,115,93,22,0,0,0,0,89,57,32,0,0,0,115,0
"Georgia","Chatham",2011,364,218,136,8,2,0,0,160,73,44,0,0,95,269,0
"Georgia","Chattooga",2011,256,202,51,3,0,0,0,115,61,39,0,0,237,0,19
"Georgia","Clarke",2011,365,212,139,14,0,0,0,126,81,48,0,0,160,205,0
"Georgia","Clayton",2011,102,53,49,0,0,0,0,95,70,50,0,0,0,102,0
"Georgia","Cobb",2011,317,166,134,17,0,0,0,140,87,49,0,0,128,189,0
"Georgia","Coffee",2011,59,37,22,0,0,0,0,92,64,40,0,0,0,59,0
"Georgia","Columbia",2011,234,147,79,8,0,0,0,126,84,46,0,0,234,0,0
"Georgia","Coweta",2011,365,238,120,7,0,0,0,115,71,44,0,0,128,237,0
"Georgia","Dawson",2011,239,195,44,0,0,0,0,93,61,44,0,0,239,0,0
"Georgia","DeKalb",2011,365,163,184,16,2,0,0,172,84,52,0,22,109,234,0
"Georgia","Dougherty",2011,361,152,203,6,0,0,0,115,74,54,0,0,0,361,0
"Georgia","Douglas",2011,245,177,56,12,0,0,0,147,84,44,0,0,245,0,0
"Georgia","Floyd",2011,360,177,182,0,1,0,0,160,70,51,0,0,0,360,0
"Georgia","Fulton",2011,365,179,160,23,3,0,0,169,93,51,0,0,133,232,0
"Georgia","Glynn",2011,266,219,46,1,0,0,0,108,58,40,0,0,209,46,11
"Georgia","Gwinnett",2011,364,184,163,16,1,0,0,156,82,50,0,0,118,246,0
"Georgia","Hall",2011,351,169,182,0,0,0,0,99,70,52,0,0,0,351,0
"Georgia","Henry",2011,362,204,138,19,1,0,0,156,90,47,0,0,136,226,0
"Georgia","Houston",2011,363,169,194,0,0,0,0,95,73,52,0,0,0,363,0
"Georgia","Lowndes",2011,339,102,227,9,1,0,0,154,82,57,0,0,0,339,0
"Georgia","Murray",2011,267,174,86,7,0,0,0,133,77,45,0,0,223,44,0
"Georgia","Muscogee",2011,365,207,154,4,0,0,0,118,77,47,0,0,100,265,0
"Georgia","Paulding",2011,364,200,150,13,1,0,0,154,79,48,1,3,106,254,0
"Georgia","Pike",2011,324,248,66,10,0,0,0,150,74,42,0,0,324,0,0
"Georgia","Richmond",2011,362,190,164,8,0,0,0,126,84,50,0,0,145,217,0
"Georgia","Rockdale",2011,364,249,81,33,1,0,0,164,97,38,0,120,244,0,0
"Georgia","Sumter",2011,232,171,61,0,0,0,0,100,71,44,0,0,232,0,0
"Georgia","Walker",2011,355,145,210,0,0,0,0,95,71,54,0,0,0,355,0
"Georgia","Washington",2011,111,72,38,1,0,0,0,114,65,39,0,0,0,99,12
"Georgia","Wilkinson",2011,101,53,47,1,0,0,0,129,70,50,0,0,0,101,0
"Hawaii","Hawaii",2011,365,159,206,0,0,0,0,83,64,52,0,0,0,365,0
"Hawaii","Honolulu",2011,365,266,98,1,0,0,0,101,56,37,0,1,130,228,6
"Hawaii","Kauai",2011,274,268,6,0,0,0,0,59,35,18,5,53,0,216,0
"Hawaii","Maui",2011,320,311,9,0,0,0,0,60,40,22,0,0,0,320,0
"Idaho","Ada",2011,365,283,77,5,0,0,0,115,62,42,11,10,237,44,63
"Idaho","Bannock",2011,365,334,30,1,0,0,0,101,49,20,0,0,0,126,239
"Idaho","Benewah",2011,361,320,41,0,0,0,0,99,52,24,0,0,0,361,0
"Idaho","Bonner",2011,340,340,0,0,0,0,0,37,17,9,0,0,0,0,340
"Idaho","Butte",2011,363,298,65,0,0,0,0,93,58,45,0,0,360,3,0
"Idaho","Canyon",2011,358,336,21,1,0,0,0,110,42,19,0,0,0,53,305
"Idaho","Cassia",2011,193,165,28,0,0,0,0,74,51,45,0,0,193,0,0
"Idaho","Custer",2011,102,100,2,0,0,0,0,75,18,7,0,0,0,102,0
"Idaho","Franklin",2011,312,254,49,4,5,0,0,166,65,28,0,0,0,312,0
"Idaho","Idaho",2011,306,306,0,0,0,0,0,50,23,8,0,0,0,306,0
"Idaho","Kootenai",2011,181,169,12,0,0,0,0,67,49,41,0,0,181,0,0
"Idaho","Latah",2011,365,354,11,0,0,0,0,70,28,11,0,0,0,365,0
"Idaho","Lemhi",2011,359,222,125,11,1,0,0,152,84,35,0,0,0,359,0
"Idaho","Nez Perce",2011,365,345,20,0,0,0,0,68,38,16,0,0,0,365,0
"Idaho","Shoshone",2011,360,244,98,18,0,0,0,147,85,34,0,0,0,343,17
"Idaho","Twin Falls",2011,350,335,15,0,0,0,0,66,39,23,0,0,0,350,0
"Illinois","Adams",2011,365,337,28,0,0,0,0,100,49,37,0,0,365,0,0
"Illinois","Champaign",2011,348,273,68,6,1,0,0,156,64,39,0,0,301,47,0
"Illinois","Clark",2011,176,151,24,1,0,0,0,108,64,41,0,0,176,0,0
"Illinois","Cook",2011,365,113,236,12,4,0,0,159,81,58,0,48,76,238,3
"Illinois","DuPage",2011,365,187,175,3,0,0,0,119,71,50,0,0,91,274,0
"Illinois","Effingham",2011,211,175,35,1,0,0,0,108,64,43,0,0,211,0,0
"Illinois","Hamilton",2011,212,143,64,5,0,0,0,126,74,45,0,0,212,0,0
"Illinois","Jersey",2011,213,156,47,9,1,0,0,156,80,44,0,0,213,0,0
"Illinois","Jo Daviess",2011,315,287,27,1,0,0,0,105,50,35,0,0,315,0,0
"Illinois","Kane",2011,356,314,39,3,0,0,0,126,54,32,0,0,356,0,0
"Illinois","Lake",2011,359,316,36,6,1,0,0,174,58,34,0,0,359,0,0
"Illinois","Macon",2011,365,215,145,4,1,0,0,161,67,48,0,0,136,229,0
"Illinois","Macoupin",2011,363,309,48,5,1,0,0,151,61,38,0,0,363,0,0
"Illinois","Madison",2011,364,178,160,22,4,0,0,156,90,52,0,0,211,150,3
"Illinois","McHenry",2011,363,212,146,5,0,0,0,129,69,45,0,0,140,223,0
"Illinois","McLean",2011,359,311,46,2,0,0,0,147,58,34,0,0,359,0,0
"Illinois","Peoria",2011,365,189,173,2,1,0,0,159,67,49,0,0,108,257,0
"Illinois","Randolph",2011,353,314,39,0,0,0,0,97,51,36,0,0,353,0,0
"Illinois","Rock Island",2011,365,358,7,0,0,0,0,74,44,31,0,0,365,0,0
"Illinois","Saint Clair",2011,365,205,150,9,1,0,0,151,74,47,0,13,143,209,0
"Illinois","Sangamon",2011,365,308,53,3,1,0,0,154,64,32,91,0,274,0,0
"Illinois","Will",2011,359,334,23,1,1,0,0,164,47,33,0,0,359,0,0
"Illinois","Winnebago",2011,365,329,35,1,0,0,0,115,50,32,18,0,347,0,0
"Indiana","Allen",2011,361,197,156,8,0,0,0,122,74,48,7,0,131,223,0
"Indiana","Boone",2011,204,149,51,3,1,0,0,159,77,43,0,0,204,0,0
"Indiana","Carroll",2011,171,147,23,1,0,0,0,122,58,40,0,0,171,0,0
"Indiana","Clark",2011,342,174,148,18,2,0,0,161,83,50,0,0,120,221,1
"Indiana","Delaware",2011,242,172,67,3,0,0,0,112,67,44,0,0,165,77,0
"Indiana","Dubois",2011,119,63,55,1,0,0,0,109,71,49,0,0,0,119,0
"Indiana","Elkhart",2011,353,180,167,6,0,0,0,147,74,50,0,0,80,273,0
"Indiana","Floyd",2011,361,139,204,17,1,0,0,174,84,55,0,0,112,249,0
"Indiana","Gibson",2011,116,69,47,0,0,0,0,87,62,43,0,0,0,116,0
"Indiana","Greene",2011,153,96,48,8,1,0,0,159,84,48,0,0,153,0,0
"Indiana","Hamilton",2011,173,127,41,5,0,0,0,150,80,44,0,0,173,0,0
"Indiana","Hancock",2011,182,139,41,2,0,0,0,108,74,43,0,0,182,0,0
"Indiana","Hendricks",2011,182,145,35,2,0,0,0,105,64,40,0,0,182,0,0
"Indiana","Henry",2011,120,77,43,0,0,0,0,92,66,40,0,0,0,120,0
"Indiana","Howard",2011,110,64,46,0,0,0,0,83,67,44,0,0,0,110,0
"Indiana","Huntington",2011,183,151,30,2,0,0,0,115,64,43,0,0,183,0,0
"Indiana","Jackson",2011,183,154,29,0,0,0,0,100,58,42,0,0,183,0,0
"Indiana","Johnson",2011,178,129,49,0,0,0,0,100,74,44,0,0,178,0,0
"Indiana","Knox",2011,353,253,94,4,2,0,0,154,67,43,0,0,292,61,0
"Indiana","LaPorte",2011,235,161,59,13,2,0,0,174,90,41,0,0,174,61,0
"Indiana","Lake",2011,365,154,202,7,2,0,0,156,80,54,1,6,61,279,18
"Indiana","Madison",2011,318,182,130,6,0,0,0,112,77,47,0,0,111,207,0
"Indiana","Marion",2011,365,72,271,22,0,0,0,141,90,60,0,0,59,306,0
"Indiana","Monroe",2011,319,199,120,0,0,0,0,99,66,39,0,0,0,319,0
"Indiana","Morgan",2011,181,119,55,7,0,0,0,112,84,45,0,0,181,0,0
"Indiana","Perry",2011,182,129,44,9,0,0,0,133,84,45,0,0,182,0,0
"Indiana","Porter",2011,364,234,125,4,1,0,0,156,68,43,0,0,77,260,27
"Indiana","Posey",2011,172,125,40,7,0,0,0,129,77,44,0,0,172,0,0
"Indiana","Shelby",2011,179,114,57,8,0,0,0,143,84,46,0,0,179,0,0
"Indiana","Spencer",2011,113,60,53,0,0,0,0,92,69,48,0,0,0,113,0
"Indiana","St. Joseph",2011,363,193,162,7,1,0,0,161,74,49,0,13,76,274,0
"Indiana","Tippecanoe",2011,332,163,168,1,0,0,0,105,71,51,0,0,0,332,0
"Indiana","Vanderburgh",2011,365,203,151,11,0,0,0,150,76,47,46,20,141,158,0
"Indiana","Vigo",2011,360,167,186,7,0,0,0,127,80,52,0,0,74,286,0
"Indiana","Wabash",2011,336,278,51,7,0,0,0,129,67,37,0,0,336,0,0
"Indiana","Warrick",2011,183,127,47,8,1,0,0,159,87,46,0,0,183,0,0
"Indiana","Whitley",2011,348,210,138,0,0,0,0,88,66,43,0,0,0,348,0
"Iowa","Black Hawk",2011,361,218,143,0,0,0,0,100,64,42,0,0,0,360,1
"Iowa","Bremer",2011,213,191,22,0,0,0,0,97,51,40,0,0,213,0,0
"Iowa","Cerro Gordo",2011,358,347,11,0,0,0,0,62,34,19,0,0,0,0,358
"Iowa","Clinton",2011,365,147,218,0,0,0,0,100,76,55,0,0,54,311,0
"Iowa","Delaware",2011,120,84,36,0,0,0,0,84,66,36,0,0,0,120,0
"Iowa","Harrison",2011,213,170,42,1,0,0,0,112,64,40,0,0,213,0,0
"Iowa","Johnson",2011,364,189,175,0,0,0,0,96,71,49,0,0,0,361,3
"Iowa","Lee",2011,117,72,45,0,0,0,0,81,68,40,0,0,0,117,0
"Iowa","Linn",2011,365,222,143,0,0,0,0,100,67,45,0,0,135,229,1
"Iowa","Montgomery",2011,362,267,95,0,0,0,0,93,64,41,0,0,146,214,2
"Iowa","Muscatine",2011,365,177,186,2,0,0,0,142,73,52,0,0,0,365,0
"Iowa","Palo Alto",2011,365,274,91,0,0,0,0,100,63,42,0,0,122,242,1
"Iowa","Polk",2011,365,253,112,0,0,0,0,98,63,43,0,6,95,263,1
"Iowa","Pottawattamie",2011,119,81,38,0,0,0,0,93,59,40,0,0,0,113,6
"Iowa","Scott",2011,365,127,237,1,0,0,0,105,77,54,0,0,68,222,75
"Iowa","Story",2011,214,198,16,0,0,0,0,87,49,36,0,0,214,0,0
"Iowa","Tama",2011,68,46,22,0,0,0,0,89,68,36,0,0,0,68,0
"Iowa","Van Buren",2011,315,228,87,0,0,0,0,88,64,42,0,0,146,169,0
"Iowa","Warren",2011,214,196,18,0,0,0,0,93,50,39,0,0,214,0,0
"Iowa","Woodbury",2011,125,101,24,0,0,0,0,77,60,33,0,0,0,115,10
"Kansas","Brown",2011,54,43,11,0,0,0,0,99,58,33,0,0,0,54,0
"Kansas","Chase",2011,117,98,19,0,0,0,0,94,56,26,0,0,0,117,0
"Kansas","Ford",2011,350,344,6,0,0,0,0,63,34,14,0,0,0,0,350
"Kansas","Johnson",2011,364,271,83,9,1,0,0,161,67,41,0,0,319,45,0
"Kansas","Leavenworth",2011,360,294,58,8,0,0,0,147,71,36,0,0,360,0,0
"Kansas","Linn",2011,365,273,83,9,0,0,0,147,71,41,0,11,303,51,0
"Kansas","Neosho",2011,56,54,2,0,0,0,0,55,44,19,0,0,0,0,56
"Kansas","Riley",2011,302,233,64,5,0,0,0,129,74,41,0,0,302,0,0
"Kansas","Sedgwick",2011,365,204,140,21,0,0,0,150,90,49,0,79,238,37,11
"Kansas","Shawnee",2011,365,264,92,9,0,0,0,147,71,41,0,0,316,39,10
"Kansas","Sherman",2011,50,48,1,1,0,0,0,106,45,19,0,0,0,0,50
"Kansas","Sumner",2011,365,251,97,17,0,0,0,143,84,44,0,0,331,34,0
"Kansas","Trego",2011,365,259,95,11,0,0,0,133,77,43,0,0,354,11,0
"Kansas","Wyandotte",2011,365,201,162,2,0,0,0,107,71,48,1,32,68,259,5
"Kentucky","Bell",2011,263,200,63,0,0,0,0,97,63,44,0,0,229,34,0
"Kentucky","Boone",2011,239,200,36,3,0,0,0,115,67,41,0,0,239,0,0
"Kentucky","Boyd",2011,362,256,103,3,0,0,0,129,67,41,0,25,150,181,6
"Kentucky","Bullitt",2011,266,169,93,3,1,0,0,187,74,45,0,0,203,63,0
"Kentucky","Campbell",2011,365,189,162,14,0,0,0,147,77,49,0,0,137,228,0
"Kentucky","Carter",2011,277,224,52,0,1,0,0,156,59,41,0,0,195,82,0
"Kentucky","Christian",2011,279,172,105,2,0,0,0,108,74,47,0,0,209,70,0
"Kentucky","Daviess",2011,365,222,129,14,0,0,0,147,80,47,0,28,172,165,0
"Kentucky","Edmonson",2011,363,275,84,4,0,0,0,108,67,42,3,0,326,34,0
"Kentucky","Fayette",2011,365,220,138,7,0,0,0,133,71,45,0,14,102,249,0
"Kentucky","Franklin",2011,100,67,33,0,0,0,0,98,62,42,0,0,0,100,0
"Kentucky","Greenup",2011,245,205,36,3,1,0,0,151,61,41,0,0,245,0,0
"Kentucky","Hancock",2011,236,172,56,8,0,0,0,129,84,44,0,0,236,0,0
"Kentucky","Hardin",2011,339,244,94,1,0,0,0,112,71,43,0,0,187,152,0
"Kentucky","Henderson",2011,363,250,104,9,0,0,0,140,67,43,0,0,177,186,0
"Kentucky","Jefferson",2011,365,195,145,22,3,0,0,177,87,49,0,0,182,180,3
"Kentucky","Jessamine",2011,245,185,56,4,0,0,0,140,71,44,0,0,245,0,0
"Kentucky","Livingston",2011,231,167,60,4,0,0,0,122,67,43,0,0,231,0,0
"Kentucky","Madison",2011,117,90,27,0,0,0,0,74,58,35,0,0,0,117,0
"Kentucky","Marshall",2011,59,59,0,0,0,0,0,31,25,15,0,0,0,0,59
"Kentucky","McCracken",2011,365,238,123,3,1,0,0,159,71,44,0,26,142,197,0
"Kentucky","Morgan",2011,338,310,26,2,0,0,0,108,50,38,0,0,338,0,0
"Kentucky","Oldham",2011,245,152,71,16,6,0,0,179,100,46,0,0,245,0,0
"Kentucky","Perry",2011,361,296,65,0,0,0,0,87,57,39,0,0,171,190,0
"Kentucky","Pike",2011,363,260,103,0,0,0,0,97,63,42,0,0,100,263,0
"Kentucky","Pulaski",2011,304,190,110,4,0,0,0,144,74,47,0,0,195,109,0
"Kentucky","Simpson",2011,241,164,72,5,0,0,0,143,77,45,0,0,241,0,0
"Kentucky","Trigg",2011,351,274,76,1,0,0,0,112,67,41,0,0,351,0,0
"Kentucky","Warren",2011,361,240,121,0,0,0,0,100,64,44,0,0,135,226,0
"Kentucky","Washington",2011,339,272,64,3,0,0,0,112,64,40,0,0,339,0,0
"Louisiana","Ascension",2011,362,302,49,9,2,0,0,156,67,35,0,19,343,0,0
"Louisiana","Bossier",2011,365,229,108,24,4,0,0,159,87,44,0,0,245,119,1
"Louisiana","Caddo",2011,365,240,107,18,0,0,0,147,87,44,0,0,297,68,0
"Louisiana","Calcasieu",2011,365,247,109,9,0,0,0,133,74,44,0,2,214,149,0
"Louisiana","East Baton Rouge",2011,365,187,156,18,4,0,0,164,84,50,0,12,139,209,5
"Louisiana","Iberville",2011,365,257,87,18,3,0,0,159,87,42,0,6,309,50,0
"Louisiana","Jefferson",2011,365,249,108,8,0,0,0,143,72,43,0,8,169,188,0
"Louisiana","Lafayette",2011,365,203,157,5,0,0,0,133,71,47,0,0,152,212,1
"Louisiana","Lafourche",2011,365,289,70,6,0,0,0,133,67,39,0,0,266,99,0
"Louisiana","Livingston",2011,363,260,91,12,0,0,0,150,71,42,0,0,256,107,0
"Louisiana","Orleans",2011,365,284,76,4,1,0,0,159,64,38,0,0,219,144,2
"Louisiana","Ouachita",2011,365,219,146,0,0,0,0,100,64,46,0,0,127,238,0
"Louisiana","Pointe Coupee",2011,365,313,41,10,1,0,0,151,64,38,0,0,365,0,0
"Louisiana","Rapides",2011,283,95,187,1,0,0,0,102,70,55,0,0,0,283,0
"Louisiana","St. Bernard",2011,362,156,199,7,0,0,0,143,74,53,0,0,146,215,1
"Louisiana","St. Charles",2011,358,314,40,4,0,0,0,115,61,34,0,0,358,0,0
"Louisiana","St. James",2011,363,310,45,8,0,0,0,136,64,36,0,0,363,0,0
"Louisiana","St. John the Baptist",2011,363,291,61,10,1,0,0,151,84,37,0,0,363,0,0
"Louisiana","St. Tammany",2011,365,265,85,15,0,0,0,143,73,41,0,0,268,97,0
"Louisiana","Tangipahoa",2011,121,89,32,0,0,0,0,86,56,35,0,0,0,121,0
"Louisiana","Terrebonne",2011,123,104,19,0,0,0,0,68,54,33,0,0,0,123,0
"Louisiana","West Baton Rouge",2011,365,147,207,10,1,0,0,192,75,54,0,0,66,299,0
"Maine","Androscoggin",2011,365,292,73,0,0,0,0,93,59,35,0,0,129,236,0
"Maine","Aroostook",2011,365,349,16,0,0,0,0,66,45,32,0,0,264,88,13
"Maine","Cumberland",2011,365,303,59,2,1,0,0,161,58,37,0,19,228,117,1
"Maine","Hancock",2011,365,335,26,3,1,0,0,166,49,36,0,0,359,6,0
"Maine","Kennebec",2011,211,195,16,0,0,0,0,97,49,31,0,0,182,0,29
"Maine","Knox",2011,181,166,12,3,0,0,0,115,49,34,0,0,181,0,0
"Maine","Oxford",2011,199,196,3,0,0,0,0,71,44,31,0,0,199,0,0
"Maine","Penobscot",2011,365,321,44,0,0,0,0,80,54,35,0,0,244,121,0
"Maine","Piscataquis",2011,105,101,4,0,0,0,0,60,39,27,0,0,0,105,0
"Maine","Sagadahoc",2011,179,165,14,0,0,0,0,87,48,32,0,0,179,0,0
"Maine","Washington",2011,316,310,5,1,0,0,0,105,44,31,0,0,289,27,0
"Maine","York",2011,271,237,29,4,1,0,0,151,54,36,0,0,271,0,0
"Maryland","Anne Arundel",2011,264,169,78,13,4,0,0,172,87,44,0,0,185,73,6
"Maryland","Baltimore",2011,363,250,87,20,6,0,0,190,84,42,2,76,218,67,0
"Maryland","Baltimore (City)",2011,365,180,171,13,1,0,0,154,77,51,0,29,80,256,0
"Maryland","Calvert",2011,209,148,47,11,3,0,0,169,84,44,0,0,209,0,0
"Maryland","Carroll",2011,211,148,54,9,0,0,0,150,80,44,0,0,211,0,0
"Maryland","Cecil",2011,357,217,128,6,6,0,0,177,77,44,0,0,141,216,0
"Maryland","Charles",2011,207,142,54,8,3,0,0,182,90,45,0,0,207,0,0
"Maryland","Dorchester",2011,318,246,52,19,1,0,0,156,84,40,0,0,318,0,0
"Maryland","Frederick",2011,214,146,59,9,0,0,0,150,84,44,0,0,214,0,0
"Maryland","Garrett",2011,363,235,124,4,0,0,0,119,69,45,7,0,221,135,0
"Maryland","Harford",2011,304,164,111,17,9,3,0,209,100,49,0,0,172,132,0
"Maryland","Kent",2011,348,215,117,13,3,0,0,187,77,45,0,0,135,213,0
"Maryland","Montgomery",2011,335,195,126,13,1,0,0,156,77,47,0,0,123,212,0
"Maryland","Prince George's",2011,363,201,133,22,7,0,0,174,87,48,0,0,172,191,0
"Maryland","Washington",2011,348,209,133,6,0,0,0,147,73,47,0,0,120,228,0
"Massachusetts","Barnstable",2011,275,253,19,3,0,0,0,112,46,35,0,0,227,48,0
"Massachusetts","Berkshire",2011,363,238,121,3,1,0,0,156,72,43,0,0,98,265,0
"Massachusetts","Bristol",2011,364,243,116,5,0,0,0,150,67,43,0,0,150,214,0
"Massachusetts","Dukes",2011,286,245,32,7,1,1,0,208,58,40,0,0,242,44,0
"Massachusetts","Essex",2011,365,248,113,3,1,0,0,151,68,44,0,6,177,182,0
"Massachusetts","Hampden",2011,365,238,114,11,2,0,0,159,78,44,0,21,173,171,0
"Massachusetts","Hampshire",2011,365,304,58,3,0,0,0,147,55,38,0,3,283,79,0
"Massachusetts","Middlesex",2011,363,334,27,1,1,0,0,151,49,34,1,0,346,16,0
"Massachusetts","Norfolk",2011,360,297,58,5,0,0,0,119,61,38,0,2,186,172,0
"Massachusetts","Plymouth",2011,121,97,24,0,0,0,0,70,57,30,0,0,0,121,0
"Massachusetts","Suffolk",2011,365,197,165,3,0,0,0,123,70,49,0,27,76,262,0
"Massachusetts","Worcester",2011,365,254,107,3,1,0,0,159,64,43,0,51,155,159,0
"Michigan","Allegan",2011,242,181,52,6,3,0,0,179,77,40,0,0,177,65,0
"Michigan","Bay",2011,118,98,20,0,0,0,0,76,60,24,0,0,0,118,0
"Michigan","Benzie",2011,179,154,20,5,0,0,0,147,61,39,0,0,179,0,0
"Michigan","Berrien",2011,243,176,55,9,3,0,0,177,80,42,0,0,173,70,0
"Michigan","Cass",2011,177,130,35,11,1,0,0,154,93,44,0,0,177,0,0
"Michigan","Chippewa",2011,231,218,13,0,0,0,0,97,47,31,0,0,165,66,0
"Michigan","Clinton",2011,183,152,28,3,0,0,0,122,67,39,0,0,183,0,0
"Michigan","Genesee",2011,242,177,57,8,0,0,0,150,69,41,0,0,177,65,0
"Michigan","Huron",2011,183,161,19,3,0,0,0,126,51,40,0,0,183,0,0
"Michigan","Ingham",2011,363,303,57,3,0,0,0,119,59,35,0,16,303,44,0
"Michigan","Kalamazoo",2011,231,166,57,8,0,0,0,133,68,41,0,0,152,79,0
"Michigan","Kent",2011,365,258,101,6,0,0,0,140,67,41,0,0,191,174,0
"Michigan","Keweenaw",2011,121,118,3,0,0,0,0,87,35,13,0,0,0,121,0
"Michigan","Lenawee",2011,241,160,70,10,1,0,0,154,76,44,0,0,166,75,0
"Michigan","Macomb",2011,242,166,62,13,1,0,0,159,80,42,0,0,175,67,0
"Michigan","Manistee",2011,236,204,27,4,1,0,0,164,58,37,0,0,169,67,0
"Michigan","Mason",2011,183,159,20,3,1,0,0,172,61,38,0,0,183,0,0
"Michigan","Missaukee",2011,360,329,29,2,0,0,0,122,50,35,0,3,332,25,0
"Michigan","Monroe",2011,127,83,44,0,0,0,0,80,67,37,0,0,0,127,0
"Michigan","Muskegon",2011,241,188,45,5,3,0,0,197,67,39,0,0,171,70,0
"Michigan","Oakland",2011,238,164,58,15,1,0,0,154,80,42,0,0,166,72,0
"Michigan","Ottawa",2011,242,173,62,4,3,0,0,156,71,40,0,0,170,72,0
"Michigan","Schoolcraft",2011,240,214,24,2,0,0,0,126,51,34,0,0,177,63,0
"Michigan","St. Clair",2011,242,177,56,8,1,0,0,159,73,39,0,0,158,84,0
"Michigan","Tuscola",2011,349,321,23,5,0,0,0,136,49,36,0,0,349,0,0
"Michigan","Washtenaw",2011,357,279,71,6,1,0,0,154,71,38,0,0,311,46,0
"Michigan","Wayne",2011,365,187,160,16,2,0,0,154,82,49,0,24,90,246,5
"Michigan","Wexford",2011,321,298,22,1,0,0,0,147,48,35,0,0,321,0,0
"Minnesota","Anoka",2011,365,263,99,3,0,0,0,133,65,43,0,10,191,162,2
"Minnesota","Becker",2011,357,329,28,0,0,0,0,100,48,32,0,0,173,184,0
"Minnesota","Carlton",2011,207,207,0,0,0,0,0,49,43,32,0,0,207,0,0
"Minnesota","Cass",2011,37,36,1,0,0,0,0,53,42,17,0,0,0,37,0
"Minnesota","Cook",2011,307,278,28,1,0,0,0,126,49,23,0,0,0,307,0
"Minnesota","Crow Wing",2011,350,300,48,2,0,0,0,112,55,36,0,0,176,174,0
"Minnesota","Dakota",2011,365,267,98,0,0,0,0,96,62,35,0,56,0,309,0
"Minnesota","Goodhue",2011,186,173,11,2,0,0,0,112,49,39,0,0,186,0,0
"Minnesota","Hennepin",2011,365,258,107,0,0,0,0,96,64,36,12,0,0,351,2
"Minnesota","Lake",2011,356,304,44,7,1,0,0,170,57,31,0,0,188,142,26
"Minnesota","Lyon",2011,356,297,58,1,0,0,0,101,57,38,0,0,175,181,0
"Minnesota","Mille Lacs",2011,207,200,6,1,0,0,0,101,44,33,0,0,207,0,0
"Minnesota","Olmsted",2011,360,252,108,0,0,0,0,99,66,41,0,0,117,243,0
"Minnesota","Ramsey",2011,365,242,123,0,0,0,0,95,66,38,8,0,0,300,57
"Minnesota","Rock",2011,100,91,9,0,0,0,0,66,49,24,0,0,0,100,0
"Minnesota","Saint Louis",2011,365,301,63,1,0,0,0,101,57,39,0,0,272,88,5
"Minnesota","Scott",2011,252,231,20,1,0,0,0,101,48,37,0,0,188,64,0
"Minnesota","Stearns",2011,355,268,85,2,0,0,0,101,60,38,0,0,148,207,0
"Minnesota","Washington",2011,192,180,11,1,0,0,0,129,48,37,0,0,192,0,0
"Minnesota","Winona",2011,120,104,16,0,0,0,0,70,54,22,0,0,0,120,0
"Minnesota","Wright",2011,365,245,119,1,0,0,0,105,63,42,0,0,85,280,0
"Mississippi","Adams",2011,174,139,34,1,0,0,0,101,67,41,0,0,174,0,0
"Mississippi","Bolivar",2011,341,212,123,6,0,0,0,122,66,46,0,0,134,207,0
"Mississippi","DeSoto",2011,338,209,125,4,0,0,0,129,69,46,0,0,145,193,0
"Mississippi","Forrest",2011,298,167,131,0,0,0,0,89,64,47,0,0,0,298,0
"Mississippi","Grenada",2011,106,81,25,0,0,0,0,75,55,35,0,0,0,106,0
"Mississippi","Hancock",2011,280,215,63,2,0,0,0,119,64,40,0,0,209,71,0
"Mississippi","Harrison",2011,361,244,110,7,0,0,0,129,74,45,0,0,130,231,0
"Mississippi","Hinds",2011,365,154,204,7,0,0,0,150,72,53,0,0,97,268,0
"Mississippi","Jackson",2011,364,289,69,6,0,0,0,115,71,37,0,82,211,71,0
"Mississippi","Jones",2011,118,64,54,0,0,0,0,90,68,49,0,0,0,118,0
"Mississippi","Lauderdale",2011,363,233,130,0,0,0,0,100,64,44,0,0,73,290,0
"Mississippi","Lee",2011,362,235,127,0,0,0,0,87,62,44,0,0,119,243,0
"Mississippi","Yalobusha",2011,330,302,28,0,0,0,0,87,50,37,0,0,330,0,0
"Missouri","Andrew",2011,239,186,45,8,0,0,0,147,71,42,0,0,239,0,0
"Missouri","Boone",2011,245,200,42,3,0,0,0,112,61,43,0,0,245,0,0
"Missouri","Buchanan",2011,261,148,113,0,0,0,0,96,66,44,0,0,0,238,23
"Missouri","Callaway",2011,245,205,40,0,0,0,0,100,58,43,0,0,245,0,0
"Missouri","Cass",2011,363,228,129,6,0,0,0,122,71,46,0,0,188,175,0
"Missouri","Cedar",2011,342,177,155,10,0,0,0,136,79,50,0,0,145,197,0
"Missouri","Clay",2011,365,233,110,19,3,0,0,172,83,46,0,0,198,167,0
"Missouri","Clinton",2011,245,174,52,18,1,0,0,159,84,44,0,0,245,0,0
"Missouri","Greene",2011,322,181,133,8,0,0,0,143,77,47,0,0,177,144,1
"Missouri","Jackson",2011,365,220,143,2,0,0,0,104,66,45,0,73,0,290,2
"Missouri","Jasper",2011,365,237,107,18,3,0,0,172,90,43,0,0,211,0,154
"Missouri","Jefferson",2011,365,223,130,10,2,0,0,192,80,47,0,0,167,198,0
"Missouri","Lincoln",2011,244,171,61,12,0,0,0,140,84,44,0,0,244,0,0
"Missouri","Monroe",2011,302,263,36,3,0,0,0,119,54,40,0,0,241,0,61
"Missouri","Perry",2011,243,166,70,7,0,0,0,129,87,46,0,0,243,0,0
"Missouri","Saint Charles",2011,245,161,59,22,3,0,0,169,101,44,0,0,245,0,0
"Missouri","Saint Louis",2011,365,204,143,15,3,0,0,164,84,48,0,0,150,212,3
"Missouri","Sainte Genevieve",2011,251,168,81,2,0,0,0,122,74,45,0,0,208,43,0
"Missouri","St. Louis City",2011,365,126,218,19,2,0,0,179,86,58,0,11,94,191,69
"Missouri","Stoddard",2011,102,81,21,0,0,0,0,76,59,35,0,0,0,102,0
"Missouri","Taney",2011,283,213,65,5,0,0,0,126,61,44,0,0,222,61,0
"Montana","Cascade",2011,347,287,60,0,0,0,0,82,54,33,13,0,0,334,0
"Montana","Fergus",2011,114,114,0,0,0,0,0,35,22,9,0,0,0,114,0
"Montana","Flathead",2011,365,273,92,0,0,0,0,88,61,42,0,0,213,148,4
"Montana","Gallatin",2011,365,280,84,1,0,0,0,103,57,35,0,6,0,359,0
"Montana","Lake",2011,226,222,3,1,0,0,0,102,21,10,0,0,0,70,156
"Montana","Lewis and Clark",2011,365,298,65,2,0,0,0,115,56,43,0,0,255,110,0
"Montana","Lincoln",2011,362,278,83,1,0,0,0,102,66,30,0,0,0,235,127
"Montana","Missoula",2011,365,142,166,49,8,0,0,157,113,58,0,0,50,314,1
"Montana","Powder River",2011,364,284,80,0,0,0,0,97,62,41,0,1,231,36,96
"Montana","Powell",2011,108,106,2,0,0,0,0,69,25,8,0,0,0,108,0
"Montana","Ravalli",2011,363,308,48,6,1,0,0,153,61,21,0,0,0,363,0
"Montana","Richland",2011,363,321,42,0,0,0,0,94,51,34,0,0,163,156,44
"Montana","Roosevelt",2011,103,101,2,0,0,0,0,59,29,13,0,0,0,103,0
"Montana","Rosebud",2011,365,328,33,4,0,0,0,150,51,38,0,21,261,37,46
"Montana","Sanders",2011,121,115,6,0,0,0,0,57,30,16,0,0,0,101,20
"Montana","Sheridan",2011,115,115,0,0,0,0,0,50,27,13,0,0,0,115,0
"Montana","Silver Bow",2011,364,272,87,5,0,0,0,135,69,31,0,0,0,240,124
"Montana","Yellowstone",2011,362,351,11,0,0,0,0,77,39,20,12,0,0,350,0
"Nebraska","Cass",2011,285,257,28,0,0,0,0,77,50,22,0,0,0,0,285
"Nebraska","Dawson",2011,60,54,6,0,0,0,0,93,51,21,0,0,0,0,60
"Nebraska","Douglas",2011,365,194,168,3,0,0,0,109,74,48,1,0,105,145,114
"Nebraska","Garden",2011,117,116,1,0,0,0,0,77,29,13,0,0,0,117,0
"Nebraska","Hall",2011,119,106,13,0,0,0,0,66,52,28,0,0,0,119,0
"Nebraska","Knox",2011,329,299,29,1,0,0,0,101,50,37,0,0,329,0,0
"Nebraska","Lancaster",2011,365,344,21,0,0,0,0,87,44,28,111,0,176,78,0
"Nebraska","Sarpy",2011,350,219,130,1,0,0,0,110,66,43,0,0,0,350,0
"Nebraska","Scotts Bluff",2011,189,148,41,0,0,0,0,87,61,45,0,0,135,54,0
"Nebraska","Thomas",2011,114,112,2,0,0,0,0,80,35,15,0,0,0,114,0
"Nebraska","Washington",2011,113,89,24,0,0,0,0,87,58,33,0,0,0,113,0
"Nevada","Carson City",2011,195,152,43,0,0,0,0,97,61,44,0,0,195,0,0
"Nevada","Churchill",2011,210,208,2,0,0,0,0,77,45,33,0,0,210,0,0
"Nevada","Clark",2011,365,139,177,47,2,0,0,161,105,54,0,2,278,79,6
"Nevada","Douglas",2011,341,337,4,0,0,0,0,61,17,10,335,0,0,6,0
"Nevada","Elko",2011,326,317,9,0,0,0,0,85,40,19,0,0,0,34,292
"Nevada","Lyon",2011,198,159,35,4,0,0,0,133,61,44,0,0,198,0,0
"Nevada","Mineral",2011,274,267,6,1,0,0,0,119,23,10,0,0,0,0,274
"Nevada","Nye",2011,365,346,18,1,0,0,0,120,32,20,0,0,0,0,365
"Nevada","Washoe",2011,365,220,141,4,0,0,0,136,74,48,0,52,245,49,19
"Nevada","White Pine",2011,362,211,146,5,0,0,0,115,77,48,0,0,361,1,0
"New Hampshire","Belknap",2011,211,196,15,0,0,0,0,93,48,33,0,0,175,36,0
"New Hampshire","Cheshire",2011,365,251,110,4,0,0,0,134,73,42,0,0,207,158,0
"New Hampshire","Coos",2011,356,267,87,2,0,0,0,101,67,44,0,0,351,5,0
"New Hampshire","Grafton",2011,365,298,67,0,0,0,0,92,55,38,0,0,241,124,0
"New Hampshire","Hillsborough",2011,365,317,45,2,1,0,0,161,54,39,6,0,327,32,0
"New Hampshire","Merrimack",2011,242,205,37,0,0,0,0,93,58,36,0,0,161,81,0
"New Hampshire","Rockingham",2011,365,267,95,2,1,0,0,151,63,42,0,0,244,121,0
"New Jersey","Atlantic",2011,359,280,74,5,0,0,0,136,63,39,0,0,230,129,0
"New Jersey","Bergen",2011,320,256,51,10,3,0,0,174,69,37,0,0,260,60,0
"New Jersey","Camden",2011,364,228,120,14,2,0,0,179,77,45,0,0,199,156,9
"New Jersey","Cumberland",2011,359,277,80,2,0,0,0,122,63,39,0,0,219,140,0
"New Jersey","Essex",2011,363,238,111,12,2,0,0,164,71,45,0,160,109,94,0
"New Jersey","Gloucester",2011,333,259,57,10,7,0,0,192,74,40,0,0,282,51,0
"New Jersey","Hudson",2011,365,212,140,12,1,0,0,156,73,45,5,82,77,194,7
"New Jersey","Hunterdon",2011,362,249,98,13,2,0,0,156,67,43,0,0,218,144,0
"New Jersey","Mercer",2011,365,237,115,10,3,0,0,159,74,43,0,0,196,169,0
"New Jersey","Middlesex",2011,362,257,89,12,4,0,0,166,72,42,0,47,204,111,0
"New Jersey","Monmouth",2011,309,268,31,8,2,0,0,179,61,36,46,0,263,0,0
"New Jersey","Morris",2011,365,302,53,10,0,0,0,147,61,38,0,26,293,46,0
"New Jersey","Ocean",2011,353,266,72,12,3,0,0,190,65,41,0,0,188,165,0
"New Jersey","Passaic",2011,293,238,48,7,0,0,0,136,61,39,0,0,230,63,0
"New Jersey","Union",2011,364,189,168,7,0,0,0,118,75,50,0,99,0,265,0
"New Jersey","Warren",2011,362,256,102,3,1,0,0,154,66,41,0,64,97,201,0
"New Mexico","Bernalillo",2011,365,104,233,25,2,1,0,293,100,61,0,8,200,132,25
"New Mexico","Catron",2011,90,87,3,0,0,0,0,58,27,11,0,0,0,90,0
"New Mexico","Chaves",2011,119,104,15,0,0,0,0,98,54,26,0,0,0,113,6
"New Mexico","Dona Ana",2011,365,124,211,22,3,1,4,786,95,58,0,13,195,24,133
"New Mexico","Eddy",2011,365,224,134,7,0,0,0,119,84,46,0,0,343,22,0
"New Mexico","Grant",2011,348,294,51,3,0,0,0,126,55,43,0,0,333,10,5
"New Mexico","Lea",2011,360,257,96,7,0,0,0,120,71,43,0,23,261,73,3
"New Mexico","Lincoln",2011,105,99,6,0,0,0,0,79,47,16,0,0,0,105,0
"New Mexico","Los Alamos",2011,110,104,6,0,0,0,0,92,24,10,0,0,0,110,0
"New Mexico","Luna",2011,365,299,57,5,1,0,3,610,58,41,0,16,291,0,58
"New Mexico","McKinley",2011,280,280,0,0,0,0,0,47,24,14,0,0,0,0,280
"New Mexico","Rio Arriba",2011,112,108,4,0,0,0,0,84,25,9,0,0,0,112,0
"New Mexico","San Juan",2011,365,235,117,13,0,0,0,143,80,46,0,32,323,8,2
"New Mexico","Sandoval",2011,365,202,163,0,0,0,0,100,67,49,0,0,212,73,80
"New Mexico","Santa Fe",2011,365,295,69,1,0,0,0,109,61,44,0,0,343,22,0
"New Mexico","Socorro",2011,106,104,2,0,0,0,0,69,33,13,0,0,0,106,0
"New Mexico","Taos",2011,364,345,19,0,0,0,0,85,38,14,0,0,0,334,30
"New Mexico","Valencia",2011,365,271,90,4,0,0,0,143,64,43,0,0,326,39,0
"New York","Albany",2011,365,261,102,2,0,0,0,140,65,41,0,0,179,186,0
"New York","Bronx",2011,365,187,168,9,1,0,0,161,75,50,0,39,92,234,0
"New York","Chautauqua",2011,365,299,60,5,1,0,0,159,64,39,0,0,347,18,0
"New York","Chemung",2011,347,312,34,1,0,0,0,105,51,36,0,0,347,0,0
"New York","Dutchess",2011,333,310,19,3,1,0,0,185,46,34,0,0,333,0,0
"New York","Erie",2011,365,248,115,2,0,0,0,115,68,43,0,18,132,215,0
"New York","Essex",2011,364,331,33,0,0,0,0,93,50,40,0,0,333,31,0
"New York","Franklin",2011,360,355,4,1,0,0,0,104,25,12,0,200,160,0,0
"New York","Hamilton",2011,351,335,15,1,0,0,0,101,46,35,0,0,351,0,0
"New York","Herkimer",2011,354,340,14,0,0,0,0,90,46,34,0,0,354,0,0
"New York","Jefferson",2011,361,343,15,3,0,0,0,129,45,33,0,0,361,0,0
"New York","Kings",2011,365,243,121,1,0,0,0,111,65,41,0,0,0,365,0
"New York","Madison",2011,355,339,16,0,0,0,0,100,47,35,0,0,355,0,0
"New York","Monroe",2011,345,297,47,1,0,0,0,112,56,34,23,24,162,136,0
"New York","Nassau",2011,343,224,117,2,0,0,0,108,68,40,0,0,0,343,0
"New York","New York",2011,365,153,200,11,1,0,0,159,79,54,2,0,66,297,0
"New York","Niagara",2011,362,244,112,6,0,0,0,150,70,45,1,0,172,189,0
"New York","Oneida",2011,365,292,73,0,0,0,0,93,57,34,0,0,196,169,0
"New York","Onondaga",2011,365,333,30,2,0,0,0,119,49,33,5,0,312,48,0
"New York","Orange",2011,365,279,83,2,1,0,0,166,62,39,0,0,197,168,0
"New York","Oswego",2011,339,316,21,2,0,0,0,126,48,34,0,0,339,0,0
"New York","Putnam",2011,343,323,17,3,0,0,0,136,46,34,0,0,343,0,0
"New York","Queens",2011,365,222,130,10,3,0,0,177,72,46,0,54,131,180,0
"New York","Rensselaer",2011,351,335,15,1,0,0,0,140,46,34,0,0,351,0,0
"New York","Richmond",2011,365,225,123,13,4,0,0,169,74,45,0,0,185,180,0
"New York","Rockland",2011,340,270,61,9,0,0,0,122,59,41,0,0,219,121,0
"New York","Saratoga",2011,360,337,22,1,0,0,0,108,46,33,0,0,360,0,0
"New York","Schenectady",2011,180,172,7,1,0,0,0,108,45,34,0,0,180,0,0
"New York","Steuben",2011,360,312,46,1,1,0,0,157,54,40,7,3,312,38,0
"New York","Suffolk",2011,365,256,92,12,4,1,0,209,70,44,0,0,243,122,0
"New York","Tompkins",2011,289,269,20,0,0,0,0,90,49,35,0,0,289,0,0
"New York","Ulster",2011,360,330,26,4,0,0,0,122,50,38,0,0,360,0,0
"New York","Wayne",2011,216,211,5,0,0,0,0,97,39,26,0,0,216,0,0
"New York","Westchester",2011,362,263,94,3,2,0,0,182,64,39,0,0,185,177,0
"North Carolina","Alamance",2011,365,242,121,2,0,0,0,108,62,43,0,0,0,365,0
"North Carolina","Alexander",2011,210,155,52,3,0,0,0,105,64,46,0,0,210,0,0
"North Carolina","Avery",2011,362,297,65,0,0,0,0,84,58,43,0,0,347,15,0
"North Carolina","Buncombe",2011,364,261,103,0,0,0,0,100,64,42,0,0,140,224,0
"North Carolina","Caldwell",2011,214,161,53,0,0,0,0,100,61,45,0,0,214,0,0
"North Carolina","Carteret",2011,272,239,33,0,0,0,0,87,51,39,0,0,272,0,0
"North Carolina","Caswell",2011,363,243,117,3,0,0,0,129,68,43,0,0,151,212,0
"North Carolina","Catawba",2011,365,229,136,0,0,0,0,93,63,43,0,0,0,365,0
"North Carolina","Chatham",2011,261,200,61,0,0,0,0,100,64,41,0,0,190,71,0
"North Carolina","Cumberland",2011,365,207,148,10,0,0,0,143,80,48,0,0,157,208,0
"North Carolina","Davidson",2011,360,211,149,0,0,0,0,79,63,47,0,0,0,360,0
"North Carolina","Davie",2011,214,141,66,7,0,0,0,119,80,47,0,0,214,0,0
"North Carolina","Duplin",2011,119,92,26,1,0,0,0,112,59,34,0,0,0,119,0
"North Carolina","Durham",2011,365,251,111,3,0,0,0,122,74,43,0,0,146,219,0
"North Carolina","Edgecombe",2011,298,200,91,7,0,0,0,122,77,43,0,0,125,173,0
"North Carolina","Forsyth",2011,365,211,141,13,0,0,0,147,80,47,0,13,157,195,0
"North Carolina","Franklin",2011,214,156,54,4,0,0,0,136,80,45,0,0,214,0,0
"North Carolina","Gaston",2011,345,219,126,0,0,0,0,89,62,43,0,0,0,345,0
"North Carolina","Graham",2011,204,106,91,7,0,0,0,122,87,50,0,0,204,0,0
"North Carolina","Granville",2011,212,130,78,3,1,0,0,156,90,49,0,0,212,0,0
"North Carolina","Guilford",2011,361,220,130,11,0,0,0,140,80,47,0,0,167,194,0
"North Carolina","Haywood",2011,271,157,110,4,0,0,0,122,74,49,0,0,198,73,0
"North Carolina","Hyde",2011,110,95,14,1,0,0,0,127,56,23,0,0,0,110,0
"North Carolina","Jackson",2011,265,156,105,4,0,0,0,126,74,48,0,0,199,66,0
"North Carolina","Johnston",2011,257,169,81,7,0,0,0,136,80,45,0,0,197,60,0
"North Carolina","Lenoir",2011,259,185,69,4,1,0,0,159,74,44,0,0,189,70,0
"North Carolina","Lincoln",2011,213,126,75,12,0,0,0,129,87,48,0,0,213,0,0
"North Carolina","Macon",2011,328,296,32,0,0,0,0,97,50,38,0,0,328,0,0
"North Carolina","Martin",2011,345,254,88,2,1,0,0,172,67,40,0,0,132,213,0
"North Carolina","McDowell",2011,357,239,118,0,0,0,0,83,62,40,0,0,0,357,0
"North Carolina","Mecklenburg",2011,365,169,164,24,8,0,0,169,97,52,0,4,197,164,0
"North Carolina","Mitchell",2011,117,91,26,0,0,0,0,75,55,38,0,0,0,117,0
"North Carolina","Montgomery",2011,342,257,84,1,0,0,0,112,64,42,0,0,302,40,0
"North Carolina","New Hanover",2011,361,285,74,2,0,0,0,120,60,37,0,0,139,222,0
"North Carolina","Person",2011,214,141,68,5,0,0,0,143,77,46,0,0,214,0,0
"North Carolina","Pitt",2011,259,174,78,7,0,0,0,136,87,44,0,0,199,60,0
"North Carolina","Robeson",2011,121,85,36,0,0,0,0,100,61,39,0,0,0,121,0
"North Carolina","Rockingham",2011,212,119,89,4,0,0,0,129,84,49,0,0,212,0,0
"North Carolina","Rowan",2011,365,193,148,23,1,0,0,159,87,50,0,0,235,130,0
"North Carolina","Swain",2011,362,203,159,0,0,0,0,80,63,48,0,0,88,274,0
"North Carolina","Union",2011,209,133,62,14,0,0,0,126,87,45,0,0,209,0,0
"North Carolina","Wake",2011,365,209,133,21,2,0,0,156,87,47,0,0,200,165,0
"North Carolina","Watauga",2011,117,94,23,0,0,0,0,71,56,31,0,0,0,117,0
"North Carolina","Wayne",2011,346,237,107,1,1,0,0,154,60,39,0,0,0,346,0
"North Carolina","Yancey",2011,191,72,115,4,0,0,0,126,87,58,0,0,191,0,0
"North Dakota","Billings",2011,323,311,12,0,0,0,0,64,47,39,0,0,300,23,0
"North Dakota","Burke",2011,361,326,35,0,0,0,0,84,50,38,0,0,248,111,2
"North Dakota","Burleigh",2011,363,343,20,0,0,0,0,74,47,34,0,19,239,97,8
"North Dakota","Cass",2011,350,300,50,0,0,0,0,75,55,36,2,6,178,142,22
"North Dakota","Dunn",2011,290,279,11,0,0,0,0,71,45,32,0,4,247,13,26
"North Dakota","McKenzie",2011,354,309,44,0,0,1,0,262,52,41,0,0,188,166,0
"North Dakota","Mercer",2011,365,332,33,0,0,0,0,74,50,38,0,2,256,106,1
"North Dakota","Oliver",2011,365,347,18,0,0,0,0,74,47,35,0,14,343,8,0
"Ohio","Adams",2011,319,221,96,2,0,0,0,105,70,35,0,0,0,319,0
"Ohio","Allen",2011,364,283,72,9,0,0,0,119,73,36,0,0,194,169,1
"Ohio","Ashtabula",2011,211,153,50,7,1,0,0,154,84,42,0,0,211,0,0
"Ohio","Athens",2011,347,285,58,4,0,0,0,115,61,31,0,119,191,37,0
"Ohio","Butler",2011,349,212,113,23,1,0,0,172,90,45,0,0,280,69,0
"Ohio","Clark",2011,365,199,151,15,0,0,0,140,80,48,0,0,143,222,0
"Ohio","Clermont",2011,365,198,150,15,2,0,0,179,80,49,0,0,112,253,0
"Ohio","Clinton",2011,214,131,61,19,3,0,0,161,101,47,0,0,214,0,0
"Ohio","Columbiana",2011,61,61,0,0,0,0,0,37,32,20,0,0,0,0,61
"Ohio","Cuyahoga",2011,365,107,233,21,4,0,0,155,91,59,3,8,62,281,11
"Ohio","Delaware",2011,214,156,51,7,0,0,0,126,71,43,0,0,214,0,0
"Ohio","Fayette",2011,340,280,51,9,0,0,0,140,67,37,0,0,340,0,0
"Ohio","Franklin",2011,365,191,160,10,4,0,0,156,80,49,0,0,120,244,1
"Ohio","Geauga",2011,213,171,38,4,0,0,0,129,67,41,0,0,213,0,0
"Ohio","Greene",2011,354,212,130,12,0,0,0,136,74,45,0,0,148,206,0
"Ohio","Hamilton",2011,365,161,173,26,5,0,0,179,97,54,1,10,146,206,2
"Ohio","Hancock",2011,15,15,0,0,0,0,0,43,39,21,0,0,0,0,15
"Ohio","Jefferson",2011,362,176,180,6,0,0,0,115,78,51,0,0,80,282,0
"Ohio","Knox",2011,214,166,41,7,0,0,0,147,67,42,0,0,214,0,0
"Ohio","Lake",2011,365,236,116,11,2,0,0,161,75,42,0,0,149,216,0
"Ohio","Lawrence",2011,364,188,164,12,0,0,0,126,83,50,0,0,48,316,0
"Ohio","Licking",2011,214,158,48,8,0,0,0,140,71,44,0,0,214,0,0
"Ohio","Lorain",2011,355,251,97,7,0,0,0,136,66,39,0,0,143,212,0
"Ohio","Lucas",2011,365,229,129,7,0,0,0,147,74,44,0,0,105,249,11
"Ohio","Madison",2011,213,146,53,14,0,0,0,143,84,44,0,0,213,0,0
"Ohio","Mahoning",2011,365,215,143,7,0,0,0,140,71,45,0,0,78,287,0
"Ohio","Medina",2011,283,198,82,3,0,0,0,129,70,43,0,0,171,112,0
"Ohio","Miami",2011,214,145,62,7,0,0,0,126,80,45,0,0,214,0,0
"Ohio","Montgomery",2011,365,188,160,16,1,0,0,172,87,50,4,0,142,219,0
"Ohio","Noble",2011,304,255,49,0,0,0,0,97,57,40,0,0,257,47,0
"Ohio","Portage",2011,259,194,62,3,0,0,0,122,64,37,0,0,165,94,0
"Ohio","Preble",2011,365,212,148,5,0,0,0,136,75,46,0,0,161,204,0
"Ohio","Scioto",2011,365,332,33,0,0,0,0,93,50,22,0,0,0,119,246
"Ohio","Stark",2011,365,169,184,10,2,0,0,154,79,52,0,0,114,251,0
"Ohio","Summit",2011,365,225,133,7,0,0,0,150,72,44,43,0,170,152,0
"Ohio","Trumbull",2011,362,217,135,10,0,0,0,140,72,45,0,0,120,241,1
"Ohio","Warren",2011,350,165,167,17,1,0,0,166,86,52,0,0,104,246,0
"Ohio","Washington",2011,211,158,49,4,0,0,0,143,74,42,0,0,211,0,0
"Ohio","Wood",2011,214,166,39,9,0,0,0,129,77,42,0,0,214,0,0
"Oklahoma","Adair",2011,365,177,174,14,0,0,0,136,83,51,0,7,225,133,0
"Oklahoma","Caddo",2011,349,241,89,17,2,0,0,161,87,44,0,0,335,13,1
"Oklahoma","Canadian",2011,364,257,83,24,0,0,0,150,90,42,0,0,364,0,0
"Oklahoma","Carter",2011,333,153,143,34,3,0,0,177,105,52,0,0,210,123,0
"Oklahoma","Cherokee",2011,292,206,69,17,0,0,0,143,84,43,0,0,292,0,0
"Oklahoma","Cleveland",2011,360,168,170,21,1,0,0,151,93,52,0,0,211,149,0
"Oklahoma","Comanche",2011,364,200,146,18,0,0,0,143,87,49,0,0,227,137,0
"Oklahoma","Cotton",2011,263,168,75,19,1,0,0,154,90,47,0,0,263,0,0
"Oklahoma","Creek",2011,364,251,91,21,1,0,0,164,87,44,0,0,364,0,0
"Oklahoma","Dewey",2011,362,217,129,16,0,0,0,143,84,47,0,0,292,70,0
"Oklahoma","Ellis",2011,118,111,7,0,0,0,0,85,48,23,0,0,0,118,0
"Oklahoma","Jefferson",2011,287,165,96,24,2,0,0,159,100,48,0,0,287,0,0
"Oklahoma","Kay",2011,285,180,82,23,0,0,0,143,97,45,0,0,260,25,0
"Oklahoma","Mayes",2011,266,154,92,18,2,0,0,166,97,46,0,0,264,2,0
"Oklahoma","McClain",2011,365,254,86,25,0,0,0,143,90,43,0,0,365,0,0
"Oklahoma","McCurtain",2011,273,213,57,3,0,0,0,119,71,42,0,0,273,0,0
"Oklahoma","Muskogee",2011,365,301,64,0,0,0,0,96,58,29,0,0,0,5,360
"Oklahoma","Oklahoma",2011,365,151,173,40,1,0,0,156,101,54,0,29,224,110,2
"Oklahoma","Osage",2011,349,243,84,21,1,0,0,179,90,42,0,0,341,0,8
"Oklahoma","Ottawa",2011,365,229,120,16,0,0,0,143,80,45,0,0,156,208,1
"Oklahoma","Pittsburg",2011,365,174,167,22,2,0,0,155,90,51,0,0,215,150,0
"Oklahoma","Sequoyah",2011,361,254,99,8,0,0,0,119,71,43,0,48,234,61,18
"Oklahoma","Tulsa",2011,365,118,202,39,6,0,0,174,108,59,0,0,172,188,5
"Oregon","Baker",2011,352,300,52,0,0,0,0,94,55,23,0,0,0,352,0
"Oregon","Benton",2011,361,323,38,0,0,0,0,85,52,15,0,0,0,361,0
"Oregon","Clackamas",2011,221,209,11,1,0,0,0,117,44,28,0,0,141,80,0
"Oregon","Columbia",2011,361,334,27,0,0,0,0,76,46,26,0,0,136,225,0
"Oregon","Coos",2011,45,44,1,0,0,0,0,53,36,24,0,0,0,45,0
"Oregon","Crook",2011,356,268,82,6,0,0,0,143,69,21,0,0,0,356,0
"Oregon","Deschutes",2011,365,323,38,3,1,0,0,170,51,32,0,0,126,239,0
"Oregon","Douglas",2011,360,314,46,0,0,0,0,94,53,20,0,0,0,360,0
"Oregon","Grant",2011,352,258,91,3,0,0,0,122,68,31,0,0,0,352,0
"Oregon","Harney",2011,363,260,98,5,0,0,0,134,76,28,0,0,0,363,0
"Oregon","Jackson",2011,363,259,101,3,0,0,0,121,75,40,0,0,149,213,1
"Oregon","Jefferson",2011,165,137,28,0,0,0,0,99,64,21,0,0,0,165,0
"Oregon","Josephine",2011,365,303,61,1,0,0,0,106,60,21,0,0,0,365,0
"Oregon","Klamath",2011,360,249,97,14,0,0,0,130,80,27,0,0,0,359,1
"Oregon","Lake",2011,364,284,60,15,5,0,0,161,81,21,0,0,0,364,0
"Oregon","Lane",2011,365,245,104,15,1,0,0,151,78,39,0,0,124,241,0
"Oregon","Linn",2011,363,270,87,3,3,0,0,193,63,25,0,0,0,363,0
"Oregon","Marion",2011,365,298,67,0,0,0,0,95,61,31,0,0,141,224,0
"Oregon","Multnomah",2011,365,284,75,6,0,0,0,127,65,34,0,3,210,152,0
"Oregon","Umatilla",2011,362,296,65,1,0,0,0,104,63,36,0,0,147,215,0
"Oregon","Union",2011,363,296,62,4,1,0,0,152,58,22,0,0,0,360,3
"Oregon","Wallowa",2011,362,330,32,0,0,0,0,86,48,18,0,0,0,362,0
"Oregon","Wasco",2011,365,332,33,0,0,0,0,85,48,18,0,0,0,365,0
"Oregon","Washington",2011,365,282,78,5,0,0,0,147,68,31,0,0,147,218,0
"Oregon","Yamhill",2011,181,173,8,0,0,0,0,90,37,14,0,0,0,181,0
"Pennsylvania","Adams",2011,362,192,165,5,0,0,0,140,72,48,1,1,154,206,0
"Pennsylvania","Allegheny",2011,365,116,207,38,4,0,0,177,103,59,0,8,108,248,1
"Pennsylvania","Armstrong",2011,361,206,151,4,0,0,0,115,69,46,0,0,125,236,0
"Pennsylvania","Beaver",2011,365,192,164,9,0,0,0,140,73,49,0,10,138,217,0
"Pennsylvania","Berks",2011,365,195,159,11,0,0,0,143,78,48,1,6,125,233,0
"Pennsylvania","Blair",2011,365,208,148,8,1,0,0,159,74,46,0,0,146,219,0
"Pennsylvania","Bucks",2011,365,196,156,11,2,0,0,156,84,48,0,6,134,225,0
"Pennsylvania","Cambria",2011,361,188,167,6,0,0,0,122,77,49,0,15,109,236,1
"Pennsylvania","Centre",2011,365,238,118,9,0,0,0,143,73,44,0,2,197,166,0
"Pennsylvania","Chester",2011,345,180,154,9,2,0,0,161,80,49,0,0,148,197,0
"Pennsylvania","Clearfield",2011,291,248,37,6,0,0,0,143,61,39,0,0,291,0,0
"Pennsylvania","Cumberland",2011,362,170,188,4,0,0,0,144,77,52,0,0,0,362,0
"Pennsylvania","Dauphin",2011,365,199,152,14,0,0,0,150,78,48,0,10,151,203,1
"Pennsylvania","Delaware",2011,363,188,161,13,1,0,0,151,76,49,0,16,112,235,0
"Pennsylvania","Elk",2011,358,327,30,1,0,0,0,112,50,35,0,0,358,0,0
"Pennsylvania","Erie",2011,365,219,142,4,0,0,0,136,69,44,0,11,122,232,0
"Pennsylvania","Franklin",2011,180,150,29,1,0,0,0,112,64,41,0,0,180,0,0
"Pennsylvania","Greene",2011,214,175,38,1,0,0,0,112,61,42,0,0,214,0,0
"Pennsylvania","Indiana",2011,306,255,44,7,0,0,0,140,64,39,0,0,306,0,0
"Pennsylvania","Lackawanna",2011,365,265,95,5,0,0,0,109,65,41,0,19,181,165,0
"Pennsylvania","Lancaster",2011,365,152,193,17,3,0,0,161,90,55,0,10,117,238,0
"Pennsylvania","Lawrence",2011,365,310,51,4,0,0,0,129,58,33,4,0,267,0,94
"Pennsylvania","Lebanon",2011,306,176,116,13,1,0,0,151,84,47,0,0,178,128,0
"Pennsylvania","Lehigh",2011,351,302,40,9,0,0,0,147,64,32,0,0,293,0,58
"Pennsylvania","Luzerne",2011,365,346,19,0,0,0,0,100,45,30,0,0,292,0,73
"Pennsylvania","Lycoming",2011,314,291,22,1,0,0,0,101,47,33,0,0,302,0,12
"Pennsylvania","Mercer",2011,365,230,127,8,0,0,0,150,74,44,0,0,199,166,0
"Pennsylvania","Monroe",2011,359,306,53,0,0,0,0,84,56,36,0,0,239,120,0
"Pennsylvania","Montgomery",2011,365,205,144,15,1,0,0,151,77,47,0,0,138,227,0
"Pennsylvania","Northampton",2011,365,165,189,9,2,0,0,152,84,53,0,9,89,264,3
"Pennsylvania","Perry",2011,357,312,43,2,0,0,0,112,54,32,0,67,290,0,0
"Pennsylvania","Philadelphia",2011,365,155,190,13,7,0,0,172,87,54,0,33,127,204,1
"Pennsylvania","Somerset",2011,342,310,31,1,0,0,0,115,49,36,0,0,342,0,0
"Pennsylvania","Tioga",2011,297,249,46,2,0,0,0,112,58,40,0,0,297,0,0
"Pennsylvania","Washington",2011,365,176,182,7,0,0,0,129,76,52,0,1,116,248,0
"Pennsylvania","Westmoreland",2011,365,184,172,9,0,0,0,122,78,50,0,0,113,252,0
"Pennsylvania","York",2011,365,159,193,13,0,0,0,147,80,54,0,12,111,241,1
"Puerto Rico","Adjuntas",2011,14,13,1,0,0,0,0,53,15,10,0,0,0,14,0
"Puerto Rico","Bayamon",2011,223,222,1,0,0,0,0,62,11,6,204,0,0,19,0
"Puerto Rico","Catano",2011,360,357,3,0,0,0,0,55,34,21,0,0,211,0,149
"Puerto Rico","Fajardo",2011,329,324,5,0,0,0,0,58,30,19,0,0,0,36,293
"Puerto Rico","Guayama",2011,112,107,5,0,0,0,0,57,42,19,0,0,0,38,74
"Puerto Rico","Guayanilla",2011,14,14,0,0,0,0,0,49,29,14,0,0,0,14,0
"Puerto Rico","Guaynabo",2011,336,313,23,0,0,0,0,62,44,24,0,0,0,48,288
"Puerto Rico","Humacao",2011,18,17,1,0,0,0,0,56,27,10,0,0,0,18,0
"Puerto Rico","Juncos",2011,307,307,0,0,0,0,0,37,30,19,0,0,307,0,0
"Puerto Rico","Mayagnez",2011,67,64,3,0,0,0,0,56,39,20,0,0,0,67,0
"Puerto Rico","Ponce",2011,175,163,12,0,0,0,0,60,45,24,25,0,0,29,121
"Puerto Rico","San Juan",2011,295,288,7,0,0,0,0,66,30,18,246,0,0,49,0
"Rhode Island","Kent",2011,349,286,56,7,0,0,0,147,59,39,0,0,215,134,0
"Rhode Island","Providence",2011,365,252,108,5,0,0,0,126,70,44,0,11,190,164,0
"Rhode Island","Washington",2011,230,193,30,7,0,0,0,147,77,37,0,0,230,0,0
"South Carolina","Abbeville",2011,243,223,20,0,0,0,0,87,50,40,0,0,243,0,0
"South Carolina","Aiken",2011,259,195,63,1,0,0,0,108,71,42,0,0,259,0,0
"South Carolina","Anderson",2011,263,175,82,6,0,0,0,150,80,45,0,0,263,0,0
"South Carolina","Berkeley",2011,264,235,29,0,0,0,0,90,51,37,0,0,264,0,0
"South Carolina","Charleston",2011,365,223,138,3,1,0,0,153,67,45,0,6,121,238,0
"South Carolina","Cherokee",2011,259,182,69,7,1,0,0,159,74,46,0,0,259,0,0
"South Carolina","Chesterfield",2011,299,219,78,2,0,0,0,108,64,43,0,0,226,73,0
"South Carolina","Colleton",2011,349,248,98,2,1,0,0,160,64,43,0,0,153,196,0
"South Carolina","Darlington",2011,259,172,84,3,0,0,0,122,80,44,0,0,259,0,0
"South Carolina","Edgefield",2011,338,232,105,1,0,0,0,107,67,43,0,0,165,173,0
"South Carolina","Florence",2011,116,69,47,0,0,0,0,88,65,44,0,0,0,116,0
"South Carolina","Georgetown",2011,365,348,17,0,0,0,0,79,38,20,0,0,0,0,365
"South Carolina","Greenville",2011,365,184,176,5,0,0,0,145,74,50,0,12,146,207,0
"South Carolina","Horry",2011,259,225,34,0,0,0,0,90,58,41,0,0,259,0,0
"South Carolina","Lexington",2011,365,198,167,0,0,0,0,95,65,47,0,0,0,350,15
"South Carolina","Oconee",2011,272,210,60,2,0,0,0,110,62,42,0,0,196,76,0
"South Carolina","Pickens",2011,272,165,93,14,0,0,0,140,87,47,0,0,272,0,0
"South Carolina","Richland",2011,365,185,159,21,0,0,0,150,87,50,0,7,192,166,0
"South Carolina","Spartanburg",2011,365,176,176,12,1,0,0,156,84,51,0,0,171,194,0
"South Carolina","York",2011,268,242,26,0,0,0,0,97,50,38,0,0,268,0,0
"South Dakota","Brookings",2011,365,338,26,1,0,0,0,104,49,37,0,0,312,41,12
"South Dakota","Brown",2011,122,104,18,0,0,0,0,70,54,25,0,0,0,117,5
"South Dakota","Codington",2011,356,328,27,1,0,0,0,102,48,19,0,0,0,96,260
"South Dakota","Custer",2011,365,345,20,0,0,0,0,67,49,40,0,0,350,15,0
"South Dakota","Jackson",2011,363,360,3,0,0,0,0,65,43,34,0,0,344,18,1
"South Dakota","Meade",2011,341,331,10,0,0,0,0,77,46,38,0,0,336,0,5
"South Dakota","Minnehaha",2011,365,281,83,1,0,0,0,105,61,40,0,11,217,137,0
"South Dakota","Pennington",2011,364,308,56,0,0,0,0,94,54,30,0,76,0,90,198
"South Dakota","Union",2011,365,271,94,0,0,0,0,100,64,42,0,0,157,201,7
"Tennessee","Anderson",2011,238,176,54,8,0,0,0,122,77,44,0,0,238,0,0
"Tennessee","Blount",2011,365,207,125,32,1,0,0,154,100,48,1,0,361,3,0
"Tennessee","Bradley",2011,362,362,0,0,0,0,0,40,21,13,0,311,0,0,51
"Tennessee","Claiborne",2011,330,303,27,0,0,0,0,93,50,37,0,0,330,0,0
"Tennessee","Davidson",2011,365,218,143,4,0,0,0,150,69,46,0,29,115,221,0
"Tennessee","DeKalb",2011,350,314,36,0,0,0,0,84,51,38,0,0,350,0,0
"Tennessee","Hamilton",2011,300,171,119,10,0,0,0,129,80,47,0,0,212,88,0
"Tennessee","Jefferson",2011,245,162,75,8,0,0,0,147,80,46,0,0,245,0,0
"Tennessee","Knox",2011,261,198,55,8,0,0,0,119,71,34,0,0,123,38,100
"Tennessee","Lawrence",2011,254,176,76,2,0,0,0,115,67,45,0,0,215,39,0
"Tennessee","Loudon",2011,245,164,70,11,0,0,0,147,80,45,0,0,245,0,0
"Tennessee","Madison",2011,54,54,0,0,0,0,0,33,23,14,0,0,0,0,54
"Tennessee","McMinn",2011,358,357,1,0,0,0,0,51,32,17,0,309,0,0,49
"Tennessee","Meigs",2011,239,154,78,7,0,0,0,126,77,46,0,0,239,0,0
"Tennessee","Montgomery",2011,62,38,24,0,0,0,0,82,68,46,0,0,0,58,4
"Tennessee","Roane",2011,365,117,247,0,1,0,0,163,72,55,0,0,0,362,3
"Tennessee","Rutherford",2011,239,181,58,0,0,0,0,100,71,44,0,0,239,0,0
"Tennessee","Sevier",2011,363,192,148,22,1,0,0,151,93,50,0,0,363,0,0
"Tennessee","Shelby",2011,365,194,148,18,5,0,0,174,87,48,2,0,173,190,0
"Tennessee","Sullivan",2011,365,292,67,6,0,0,0,126,71,39,2,135,228,0,0
"Tennessee","Sumner",2011,245,145,88,11,1,0,0,151,90,47,0,0,245,0,0
"Tennessee","Union",2011,364,343,21,0,0,0,0,67,45,22,0,0,0,0,364
"Tennessee","Williamson",2011,243,154,83,6,0,0,0,129,74,47,0,0,243,0,0
"Tennessee","Wilson",2011,243,154,82,7,0,0,0,133,84,47,0,0,243,0,0
"Texas","Bell",2011,362,279,71,12,0,0,0,136,77,42,0,0,362,0,0
"Texas","Bexar",2011,365,209,134,20,2,0,0,154,84,47,0,0,212,152,1
"Texas","Bowie",2011,61,39,22,0,0,0,0,76,62,42,0,0,0,61,0
"Texas","Brazoria",2011,365,289,45,23,7,1,0,203,90,36,0,7,358,0,0
"Texas","Brewster",2011,362,244,106,11,1,0,0,151,77,45,0,0,309,53,0
"Texas","Cameron",2011,365,249,115,1,0,0,0,104,68,43,1,0,116,248,0
"Texas","Collin",2011,360,257,71,25,7,0,0,174,100,41,0,0,360,0,0
"Texas","Culberson",2011,111,103,6,2,0,0,0,119,47,21,0,0,0,111,0
"Texas","Dallas",2011,365,174,164,20,7,0,0,182,93,51,0,29,168,165,3
"Texas","Denton",2011,365,196,122,33,14,0,0,192,112,49,0,4,277,84,0
"Texas","Ector",2011,365,268,93,4,0,0,0,130,63,38,0,0,0,365,0
"Texas","El Paso",2011,365,99,246,17,3,0,0,186,93,60,0,23,140,187,15
"Texas","Ellis",2011,365,226,124,14,1,0,0,174,84,45,0,13,217,135,0
"Texas","Fayette",2011,361,303,58,0,0,0,0,92,56,30,0,0,0,361,0
"Texas","Galveston",2011,361,248,101,10,1,1,0,207,75,42,0,2,178,178,3
"Texas","Gillespie",2011,183,134,45,4,0,0,0,115,74,44,0,0,183,0,0
"Texas","Gregg",2011,346,254,69,21,2,0,0,159,90,39,0,13,333,0,0
"Texas","Harris",2011,365,119,201,35,10,0,0,190,108,55,0,18,115,217,15
"Texas","Harrison",2011,365,216,131,17,1,0,0,195,84,47,0,0,214,151,0
"Texas","Hays",2011,214,137,68,8,1,0,0,151,87,44,0,0,214,0,0
"Texas","Hidalgo",2011,365,240,124,1,0,0,0,101,67,43,0,0,119,246,0
"Texas","Hood",2011,365,296,61,8,0,0,0,140,71,39,0,0,365,0,0
"Texas","Hunt",2011,365,280,73,12,0,0,0,143,80,39,0,11,354,0,0
"Texas","Jefferson",2011,365,221,115,26,3,0,0,185,87,45,0,0,206,159,0
"Texas","Johnson",2011,359,284,58,16,1,0,0,161,77,38,0,0,359,0,0
"Texas","Kaufman",2011,365,229,128,8,0,0,0,136,76,45,0,4,223,138,0
"Texas","Kleberg",2011,237,167,69,1,0,0,0,109,61,41,0,0,0,237,0
"Texas","Lubbock",2011,320,268,49,3,0,0,0,136,58,31,0,0,0,320,0
"Texas","Maverick",2011,334,253,80,1,0,0,0,136,63,35,0,0,0,334,0
"Texas","McLennan",2011,365,239,107,19,0,0,0,147,84,44,0,3,251,111,0
"Texas","Montgomery",2011,362,232,115,14,1,0,0,164,77,45,0,4,242,116,0
"Texas","Navarro",2011,365,211,141,13,0,0,0,147,80,46,0,6,224,135,0
"Texas","Nueces",2011,365,264,90,10,1,0,0,154,69,40,0,0,222,139,4
"Texas","Orange",2011,365,262,93,9,1,0,0,154,71,41,0,2,247,116,0
"Texas","Parker",2011,363,256,78,24,5,0,0,182,93,43,0,4,359,0,0
"Texas","Polk",2011,328,264,54,10,0,0,0,129,74,39,0,0,328,0,0
"Texas","Potter",2011,311,275,36,0,0,0,0,88,54,25,0,0,0,311,0
"Texas","Randall",2011,323,212,103,8,0,0,0,140,80,45,0,0,323,0,0
"Texas","Rockwall",2011,361,272,72,16,1,0,0,164,84,40,0,0,361,0,0
"Texas","Smith",2011,363,268,76,19,0,0,0,150,87,42,0,9,354,0,0
"Texas","Tarrant",2011,365,172,148,29,16,0,0,195,108,52,0,27,208,129,1
"Texas","Travis",2011,365,225,126,14,0,0,0,140,84,45,0,2,229,134,0
"Texas","Victoria",2011,327,286,37,4,0,0,0,133,54,32,0,0,327,0,0
"Texas","Webb",2011,350,236,111,3,0,0,0,104,67,43,0,0,61,272,17
"Texas","Wichita",2011,345,302,43,0,0,0,0,75,54,29,0,0,0,345,0
"Utah","Box Elder",2011,365,240,117,4,4,0,0,158,75,46,0,0,300,65,0
"Utah","Cache",2011,365,215,140,5,5,0,0,169,71,47,0,24,208,133,0
"Utah","Carbon",2011,272,158,113,1,0,0,0,108,77,49,0,3,269,0,0
"Utah","Daggett",2011,130,108,22,0,0,0,0,90,54,44,0,0,130,0,0
"Utah","Davis",2011,363,298,61,3,1,0,0,151,64,40,0,158,172,32,1
"Utah","Duchesne",2011,365,212,130,17,2,4,0,220,80,49,0,0,347,18,0
"Utah","Garfield",2011,131,130,1,0,0,0,0,56,31,9,0,0,16,115,0
"Utah","Salt Lake",2011,365,188,147,27,3,0,0,158,99,50,0,59,212,78,16
"Utah","San Juan",2011,354,236,115,3,0,0,0,108,71,47,0,0,348,6,0
"Utah","Tooele",2011,364,255,102,7,0,0,0,119,74,45,0,0,178,186,0
"Utah","Uintah",2011,365,196,137,13,14,5,0,236,97,50,0,0,343,22,0
"Utah","Utah",2011,365,209,147,9,0,0,0,137,77,48,0,55,207,103,0
"Utah","Washington",2011,363,237,121,5,0,0,0,108,77,46,0,0,359,4,0
"Utah","Wayne",2011,120,120,0,0,0,0,0,49,15,9,0,0,0,120,0
"Utah","Weber",2011,365,204,139,18,4,0,0,157,90,48,0,58,210,95,2
"Vermont","Bennington",2011,361,292,68,1,0,0,0,140,57,38,0,0,198,163,0
"Vermont","Chittenden",2011,365,294,69,2,0,0,0,105,57,38,1,3,232,129,0
"Vermont","Rutland",2011,365,233,126,6,0,0,0,116,72,41,8,10,0,347,0
"Vermont","Windham",2011,5,5,0,0,0,0,0,11,11,7,0,0,0,5,0
"Virgin Islands","St Croix",2011,33,30,3,0,0,0,0,65,46,25,0,0,0,13,20
"Virgin Islands","St John",2011,117,104,13,0,0,0,0,77,53,20,0,0,0,117,0
"Virginia","Albemarle",2011,364,278,85,1,0,0,0,105,61,40,0,0,149,215,0
"Virginia","Alexandria City",2011,365,287,67,8,3,0,0,187,74,37,0,134,168,62,1
"Virginia","Arlington",2011,365,272,74,15,4,0,0,187,84,37,0,150,181,34,0
"Virginia","Bristol City",2011,121,85,36,0,0,0,0,71,60,38,0,0,0,121,0
"Virginia","Caroline",2011,203,171,27,5,0,0,0,140,64,40,0,1,202,0,0
"Virginia","Carroll",2011,61,61,0,0,0,0,0,29,20,12,0,0,0,0,61
"Virginia","Charles",2011,354,290,54,8,2,0,0,197,60,35,0,132,162,60,0
"Virginia","Chesterfield",2011,254,195,54,5,0,0,0,126,62,42,0,0,178,76,0
"Virginia","Culpeper",2011,60,60,0,0,0,0,0,30,19,13,0,0,0,0,60
"Virginia","Fairfax",2011,360,248,96,12,4,0,0,185,77,41,0,0,145,215,0
"Virginia","Fauquier",2011,213,188,25,0,0,0,0,90,54,37,0,0,213,0,0
"Virginia","Frederick",2011,365,249,115,1,0,0,0,101,67,43,0,0,108,257,0
"Virginia","Fredericksburg City",2011,56,56,0,0,0,0,0,33,21,16,0,0,0,0,56
"Virginia","Giles",2011,325,264,60,1,0,0,0,101,64,42,0,0,325,0,0
"Virginia","Hampton City",2011,365,270,85,10,0,0,0,144,71,37,3,47,173,142,0
"Virginia","Hanover",2011,206,149,47,10,0,0,0,133,84,44,0,0,206,0,0
"Virginia","Henrico",2011,360,241,105,13,1,0,0,151,74,43,1,33,141,185,0
"Virginia","Hopewell City",2011,63,63,0,0,0,0,0,38,23,13,0,0,0,0,63
"Virginia","King William",2011,55,54,1,0,0,0,0,100,25,12,0,0,0,0,55
"Virginia","Loudoun",2011,365,289,69,6,1,0,0,151,67,35,0,116,190,59,0
"Virginia","Lynchburg City",2011,112,89,23,0,0,0,0,70,55,33,0,0,0,112,0
"Virginia","Madison",2011,360,234,121,5,0,0,0,119,80,45,0,0,338,22,0
"Virginia","Norfolk City",2011,361,322,36,3,0,0,0,119,51,24,8,250,0,101,2
"Virginia","Page",2011,263,201,61,1,0,0,0,101,64,42,0,0,199,64,0
"Virginia","Prince Edward",2011,329,301,27,1,0,0,0,101,50,37,0,0,329,0,0
"Virginia","Prince William",2011,361,312,45,4,0,0,0,129,61,29,0,151,210,0,0
"Virginia","Richmond City",2011,365,365,0,0,0,0,0,48,35,20,3,362,0,0,0
"Virginia","Roanoke",2011,365,292,72,1,0,0,0,112,64,34,0,152,213,0,0
"Virginia","Roanoke City",2011,365,248,117,0,0,0,0,80,62,40,6,0,0,350,9
"Virginia","Rockbridge",2011,259,215,44,0,0,0,0,87,56,41,0,0,191,68,0
"Virginia","Rockingham",2011,365,297,66,2,0,0,0,112,61,36,0,114,190,61,0
"Virginia","Salem City",2011,112,81,31,0,0,0,0,75,61,39,0,0,0,112,0
"Virginia","Stafford",2011,214,167,41,5,1,0,0,151,64,41,0,0,214,0,0
"Virginia","Suffolk City",2011,212,150,51,11,0,0,0,136,77,45,0,0,212,0,0
"Virginia","Virginia Beach City",2011,349,257,92,0,0,0,0,98,62,34,0,0,0,349,0
"Virginia","Warren",2011,57,57,0,0,0,0,0,29,19,12,0,0,0,0,57
"Virginia","Winchester City",2011,60,60,0,0,0,0,0,32,19,12,0,0,0,0,60
"Virginia","Wythe",2011,214,167,47,0,0,0,0,100,64,45,0,0,214,0,0
"Washington","Adams",2011,363,351,12,0,0,0,0,59,35,18,0,0,0,363,0
"Washington","Asotin",2011,361,330,31,0,0,0,0,71,48,20,0,0,0,361,0
"Washington","Benton",2011,363,323,39,1,0,0,0,102,52,21,0,0,0,290,73
"Washington","Chelan",2011,363,265,91,6,1,0,0,152,71,25,0,0,0,363,0
"Washington","Clallam",2011,365,319,46,0,0,0,0,76,52,39,0,0,252,113,0
"Washington","Clark",2011,365,277,80,5,3,0,0,152,70,32,0,0,128,237,0
"Washington","Columbia",2011,363,339,24,0,0,0,0,67,41,18,0,0,0,363,0
"Washington","Cowlitz",2011,363,344,19,0,0,0,0,78,43,13,0,0,0,363,0
"Washington","Franklin",2011,363,344,19,0,0,0,0,79,40,19,0,0,0,363,0
"Washington","Grant",2011,345,318,27,0,0,0,0,79,47,20,0,0,0,345,0
"Washington","Grays Harbor",2011,363,352,11,0,0,0,0,59,35,16,0,0,0,363,0
"Washington","Jefferson",2011,363,351,12,0,0,0,0,60,36,19,0,0,0,363,0
"Washington","King",2011,365,271,94,0,0,0,0,98,63,38,1,0,138,226,0
"Washington","Kitsap",2011,361,321,39,1,0,0,0,110,52,20,0,0,0,361,0
"Washington","Kittitas",2011,354,302,45,6,1,0,0,152,57,18,0,0,0,354,0
"Washington","Klickitat",2011,175,162,13,0,0,0,0,90,46,19,0,0,0,175,0
"Washington","Lewis",2011,364,344,20,0,0,0,0,75,44,21,0,0,0,364,0
"Washington","Mason",2011,360,313,47,0,0,0,0,81,53,25,0,0,0,360,0
"Washington","Okanogan",2011,364,253,110,1,0,0,0,104,65,29,0,0,0,364,0
"Washington","Pend Oreille",2011,133,128,0,0,5,0,0,153,20,11,0,0,0,133,0
"Washington","Pierce",2011,365,276,79,9,1,0,0,152,68,42,0,0,237,128,0
"Washington","Skagit",2011,365,359,6,0,0,0,0,86,35,27,0,32,210,123,0
"Washington","Snohomish",2011,365,268,89,8,0,0,0,147,67,31,0,0,0,365,0
"Washington","Spokane",2011,365,287,78,0,0,0,0,91,58,40,9,0,137,218,1
"Washington","Stevens",2011,363,253,109,1,0,0,0,107,68,27,0,0,0,291,72
"Washington","Thurston",2011,363,322,40,1,0,0,0,104,51,29,0,0,152,211,0
"Washington","Walla Walla",2011,363,319,44,0,0,0,0,84,52,21,0,0,0,238,125
"Washington","Whatcom",2011,354,344,10,0,0,0,0,62,38,25,0,0,120,234,0
"Washington","Whitman",2011,363,344,19,0,0,0,0,70,41,18,0,0,0,363,0
"Washington","Yakima",2011,364,264,90,8,2,0,0,156,72,27,0,0,0,364,0
"West Virginia","Berkeley",2011,263,192,70,1,0,0,0,105,71,43,0,0,184,79,0
"West Virginia","Brooke",2011,283,226,56,1,0,0,0,111,63,20,23,0,0,118,142
"West Virginia","Cabell",2011,261,181,75,5,0,0,0,133,67,44,0,0,173,88,0
"West Virginia","Gilmer",2011,321,306,15,0,0,0,0,84,47,33,0,0,321,0,0
"West Virginia","Greenbrier",2011,208,151,57,0,0,0,0,97,67,46,0,0,208,0,0
"West Virginia","Hancock",2011,365,278,81,6,0,0,0,133,67,37,11,0,176,80,98
"West Virginia","Harrison",2011,83,69,14,0,0,0,0,77,59,38,0,0,0,83,0
"West Virginia","Kanawha",2011,361,259,91,8,3,0,0,164,69,38,0,0,163,95,103
"West Virginia","Marion",2011,121,77,44,0,0,0,0,92,64,42,0,0,0,121,0
"West Virginia","Marshall",2011,351,195,155,1,0,0,0,106,73,47,0,0,0,351,0
"West Virginia","Monongalia",2011,257,192,64,1,0,0,0,119,64,42,0,0,162,95,0
"West Virginia","Ohio",2011,264,165,92,7,0,0,0,126,80,47,0,0,185,79,0
"West Virginia","Raleigh",2011,116,91,25,0,0,0,0,83,61,34,0,0,0,116,0
"West Virginia","Tucker",2011,354,311,43,0,0,0,0,97,51,37,0,0,331,23,0
"West Virginia","Wood",2011,257,182,73,2,0,0,0,147,67,43,0,0,168,89,0
"Wisconsin","Ashland",2011,337,326,11,0,0,0,0,71,45,33,0,0,321,16,0
"Wisconsin","Barron",2011,5,5,0,0,0,0,0,23,23,14,0,0,0,0,5
"Wisconsin","Brown",2011,364,191,166,7,0,0,0,147,78,49,0,0,98,266,0
"Wisconsin","Chippewa",2011,63,63,0,0,0,0,0,30,19,7,0,0,0,0,63
"Wisconsin","Columbia",2011,204,171,32,1,0,0,0,101,58,40,0,0,204,0,0
"Wisconsin","Dane",2011,359,241,117,1,0,0,0,106,71,42,0,0,128,231,0
"Wisconsin","Dodge",2011,365,258,101,6,0,0,0,115,67,42,0,0,206,159,0
"Wisconsin","Door",2011,196,176,15,4,1,0,0,161,51,36,0,0,196,0,0
"Wisconsin","Eau Claire",2011,224,198,26,0,0,0,0,100,53,38,0,0,192,32,0
"Wisconsin","Fond du Lac",2011,198,176,15,7,0,0,0,140,54,40,0,0,198,0,0
"Wisconsin","Forest",2011,365,328,36,1,0,0,0,115,51,37,0,0,310,55,0
"Wisconsin","Grant",2011,149,107,42,0,0,0,0,84,64,36,0,0,0,149,0
"Wisconsin","Jefferson",2011,193,157,34,2,0,0,0,112,64,40,0,0,193,0,0
"Wisconsin","Kenosha",2011,301,216,73,10,2,0,0,177,71,41,0,0,188,113,0
"Wisconsin","Kewaunee",2011,199,174,22,2,1,0,0,195,51,38,0,0,199,0,0
"Wisconsin","La Crosse",2011,316,229,87,0,0,0,0,100,64,40,0,0,176,140,0
"Wisconsin","Manitowoc",2011,194,168,19,5,2,0,0,187,61,37,0,0,194,0,0
"Wisconsin","Marathon",2011,198,174,24,0,0,0,0,100,51,39,0,0,198,0,0
"Wisconsin","Milwaukee",2011,365,224,132,8,1,0,0,195,74,44,0,20,153,192,0
"Wisconsin","Oneida",2011,197,178,19,0,0,0,0,100,50,38,0,0,197,0,0
"Wisconsin","Outagamie",2011,303,235,64,4,0,0,0,119,63,39,0,0,170,133,0
"Wisconsin","Ozaukee",2011,235,184,43,7,1,0,0,182,67,38,0,0,181,54,0
"Wisconsin","Racine",2011,192,150,35,5,2,0,0,190,67,40,0,0,192,0,0
"Wisconsin","Rock",2011,192,152,37,3,0,0,0,108,74,41,0,0,192,0,0
"Wisconsin","Sauk",2011,284,240,44,0,0,0,0,91,54,38,0,0,209,74,1
"Wisconsin","Sheboygan",2011,189,150,26,11,1,1,0,206,77,41,0,0,189,0,0
"Wisconsin","Taylor",2011,340,314,26,0,0,0,0,87,48,36,0,0,315,25,0
"Wisconsin","Vilas",2011,223,206,17,0,0,0,0,97,49,35,0,0,193,30,0
"Wisconsin","Walworth",2011,185,151,32,2,0,0,0,112,77,41,0,0,185,0,0
"Wisconsin","Waukesha",2011,283,193,86,4,0,0,0,115,67,41,0,0,158,125,0
"Wyoming","Albany",2011,365,233,128,4,0,0,0,108,71,47,0,0,279,9,77
"Wyoming","Big Horn",2011,291,286,5,0,0,0,0,71,45,39,0,0,291,0,0
"Wyoming","Campbell",2011,365,204,156,4,1,0,0,164,73,48,0,3,198,19,145
"Wyoming","Carbon",2011,358,279,79,0,0,0,0,80,61,44,0,7,345,0,6
"Wyoming","Converse",2011,360,335,25,0,0,0,0,89,44,21,0,0,0,72,288
"Wyoming","Crook",2011,153,144,9,0,0,0,0,80,48,39,0,0,153,0,0
"Wyoming","Fremont",2011,365,210,153,2,0,0,0,136,77,49,0,0,328,29,8
"Wyoming","Johnson",2011,105,105,0,0,0,0,0,48,19,7,0,0,0,105,0
"Wyoming","Laramie",2011,365,265,99,1,0,0,0,101,67,44,1,5,332,27,0
"Wyoming","Lincoln",2011,365,341,24,0,0,0,0,89,37,15,0,0,0,0,365
"Wyoming","Natrona",2011,212,180,32,0,0,0,0,77,55,30,0,44,86,71,11
"Wyoming","Park",2011,122,121,1,0,0,0,0,76,30,16,0,0,0,112,10
"Wyoming","Platte",2011,61,58,3,0,0,0,0,58,29,16,0,0,0,0,61
"Wyoming","Sheridan",2011,362,339,23,0,0,0,0,89,43,19,0,0,0,110,252
"Wyoming","Sublette",2011,365,214,134,12,2,3,0,219,77,48,0,3,348,12,2
"Wyoming","Sweetwater",2011,365,231,129,5,0,0,0,108,71,47,0,6,314,5,40
"Wyoming","Teton",2011,365,275,90,0,0,0,0,90,64,44,5,0,349,10,1
"Wyoming","Uinta",2011,365,322,43,0,0,0,0,90,51,43,0,0,359,0,6
